trade_date,ts_code,open,high,low,close,pre_close,change,pct_chg,vol,amount
2023-01-03,000518.SZ,3.18,3.3,3.18,3.26,3.17,0.09,2.8391,110617.01,36031.76
2023-01-04,000518.SZ,3.25,3.27,3.21,3.24,3.26,-0.02,-0.6135,99461.1,32166.511
2023-01-05,000518.SZ,3.25,3.26,3.17,3.22,3.24,-0.02,-0.6173,98140.0,31440.854
2023-01-06,000518.SZ,3.21,3.22,3.13,3.14,3.22,-0.08,-2.4845,124173.94,39274.475
2023-01-09,000518.SZ,3.17,3.18,3.14,3.14,3.14,0.0,0.0,71869.0,22629.196
2023-01-10,000518.SZ,3.14,3.16,3.1,3.16,3.14,0.02,0.6369,72634.0,22758.534
2023-01-11,000518.SZ,3.16,3.16,3.1,3.1,3.16,-0.06,-1.8987,73766.01,23033.203
2023-01-12,000518.SZ,3.08,3.12,3.08,3.08,3.1,-0.02,-0.6452,64404.7,19933.275
2023-01-13,000518.SZ,3.08,3.11,3.08,3.11,3.08,0.03,0.974,52638.18,16306.842
2023-01-16,000518.SZ,3.1,3.16,3.1,3.15,3.11,0.04,1.2862,83835.91,26383.106
2023-01-17,000518.SZ,3.15,3.17,3.09,3.1,3.15,-0.05,-1.5873,71723.24,22322.696
2023-01-18,000518.SZ,3.1,3.12,3.09,3.11,3.1,0.01,0.3226,45888.01,14252.617
2023-01-19,000518.SZ,3.12,3.13,3.09,3.13,3.11,0.02,0.6431,61893.51,19267.052
2023-01-20,000518.SZ,3.13,3.17,3.12,3.17,3.13,0.04,1.278,89467.01,28177.715
2023-01-30,000518.SZ,3.18,3.2,3.17,3.18,3.17,0.01,0.3155,82432.4,26233.539
2023-01-31,000518.SZ,3.17,3.18,3.14,3.17,3.18,-0.01,-0.3145,74540.01,23513.664
2023-02-01,000518.SZ,3.16,3.2,3.15,3.19,3.17,0.02,0.6309,92862.01,29509.338
2023-02-02,000518.SZ,3.21,3.22,3.18,3.22,3.19,0.03,0.9404,96358.1,30934.622
2023-02-03,000518.SZ,3.21,3.22,3.14,3.17,3.22,-0.05,-1.5528,89098.23,28271.03
2023-02-06,000518.SZ,3.19,3.2,3.15,3.17,3.17,0.0,0.0,60336.01,19127.383
2023-02-07,000518.SZ,3.16,3.18,3.14,3.17,3.17,0.0,0.0,84446.01,26659.59
2023-02-08,000518.SZ,3.19,3.22,3.18,3.21,3.17,0.04,1.2618,129624.11,41577.153
2023-02-09,000518.SZ,3.21,3.22,3.17,3.19,3.21,-0.02,-0.6231,81421.6,25926.432
2023-02-10,000518.SZ,3.19,3.21,3.17,3.2,3.19,0.01,0.3135,74394.24,23756.36
2023-02-13,000518.SZ,3.2,3.23,3.19,3.22,3.2,0.02,0.625,86210.67,27711.27
2023-02-14,000518.SZ,3.23,3.25,3.21,3.25,3.22,0.03,0.9317,86107.11,27841.316
2023-02-15,000518.SZ,3.26,3.26,3.21,3.23,3.25,-0.02,-0.6154,71276.01,22986.301
2023-02-16,000518.SZ,3.23,3.26,3.13,3.16,3.23,-0.07,-2.1672,156986.42,50453.75
2023-02-17,000518.SZ,3.17,3.26,3.16,3.23,3.16,0.07,2.2152,170772.01,55118.531
2023-02-20,000518.SZ,3.24,3.24,3.15,3.22,3.23,-0.01,-0.3096,112639.0,35891.085
2023-02-21,000518.SZ,3.24,3.24,3.19,3.21,3.22,-0.01,-0.3106,85730.01,27545.973
2023-02-22,000518.SZ,3.21,3.23,3.19,3.22,3.21,0.01,0.3115,71456.1,23003.395
2023-02-23,000518.SZ,3.22,3.23,3.17,3.19,3.22,-0.03,-0.9317,71313.0,22801.36
2023-02-24,000518.SZ,3.2,3.2,3.16,3.18,3.19,-0.01,-0.3135,63037.1,20004.821
2023-02-27,000518.SZ,3.17,3.19,3.13,3.13,3.18,-0.05,-1.5723,91970.33,28996.406
2023-02-28,000518.SZ,3.15,3.22,3.14,3.22,3.13,0.09,2.8754,138493.12,44093.584
2023-03-01,000518.SZ,3.23,3.24,3.19,3.21,3.22,-0.01,-0.3106,69527.0,22287.322
2023-03-02,000518.SZ,3.21,3.22,3.17,3.17,3.21,-0.04,-1.2461,76476.01,24401.008
2023-03-03,000518.SZ,3.18,3.2,3.16,3.17,3.17,0.0,0.0,73068.58,23202.43
2023-03-06,000518.SZ,3.17,3.2,3.16,3.2,3.17,0.03,0.9464,65171.42,20735.297
2023-03-07,000518.SZ,3.2,3.2,3.13,3.13,3.2,-0.07,-2.1875,112452.33,35483.223
2023-03-08,000518.SZ,3.12,3.15,3.1,3.13,3.13,0.0,0.0,90813.0,28339.287
2023-03-09,000518.SZ,3.15,3.15,3.1,3.13,3.13,0.0,0.0,50528.0,15778.317
2023-03-10,000518.SZ,3.12,3.12,3.08,3.1,3.13,-0.03,-0.9585,65774.01,20336.839
2023-03-13,000518.SZ,3.1,3.1,3.03,3.08,3.1,-0.02,-0.6452,83981.01,25675.457
2023-03-14,000518.SZ,3.1,3.1,3.02,3.04,3.08,-0.04,-1.2987,74235.0,22622.201
2023-03-15,000518.SZ,3.04,3.11,3.04,3.1,3.04,0.06,1.9737,75125.0,23206.987
2023-03-16,000518.SZ,3.09,3.11,3.06,3.06,3.1,-0.04,-1.2903,46553.02,14344.096
2023-03-17,000518.SZ,3.08,3.09,3.05,3.05,3.06,-0.01,-0.3268,67368.0,20655.932
2023-03-20,000518.SZ,3.06,3.1,3.02,3.02,3.05,-0.03,-0.9836,110893.39,33873.331
2023-03-21,000518.SZ,3.03,3.05,3.03,3.04,3.02,0.02,0.6623,46063.83,13991.487
2023-03-22,000518.SZ,3.06,3.07,3.04,3.05,3.04,0.01,0.3289,50844.39,15518.226
2023-03-23,000518.SZ,3.04,3.05,3.03,3.04,3.05,-0.01,-0.3279,48210.0,14651.976
2023-03-24,000518.SZ,3.05,3.07,3.01,3.02,3.04,-0.02,-0.6579,95846.0,29010.255
2023-03-27,000518.SZ,3.02,3.02,2.98,3.0,3.02,-0.02,-0.6623,73635.3,22066.009
2023-03-28,000518.SZ,3.0,3.03,2.98,3.01,3.0,0.01,0.3333,54932.0,16498.684
2023-03-29,000518.SZ,3.02,3.02,2.95,2.96,3.01,-0.05,-1.6611,81614.01,24256.07
2023-03-30,000518.SZ,2.95,2.96,2.91,2.92,2.96,-0.04,-1.3514,67455.0,19752.231
2023-03-31,000518.SZ,2.93,2.97,2.92,2.96,2.92,0.04,1.3699,52702.01,15548.067
2023-04-03,000518.SZ,2.96,2.97,2.94,2.96,2.96,0.0,0.0,48797.0,14403.679
2023-04-04,000518.SZ,2.96,2.96,2.9,2.91,2.96,-0.05,-1.6892,94287.01,27538.927
2023-04-06,000518.SZ,2.9,2.92,2.88,2.91,2.91,0.0,0.0,60788.0,17642.978
2023-04-07,000518.SZ,2.91,2.97,2.89,2.94,2.91,0.03,1.0309,92430.01,27197.638
2023-04-10,000518.SZ,2.96,2.96,2.88,2.89,2.94,-0.05,-1.7007,115851.0,33694.102
2023-04-11,000518.SZ,2.9,2.91,2.83,2.85,2.89,-0.04,-1.3841,102362.83,29163.85
2023-04-12,000518.SZ,2.87,2.89,2.84,2.87,2.85,0.02,0.7018,60452.4,17345.356
2023-04-13,000518.SZ,2.87,2.91,2.83,2.9,2.87,0.03,1.0453,82902.1,23892.52
2023-04-14,000518.SZ,2.91,2.95,2.9,2.9,2.9,0.0,0.0,73506.9,21466.613
2023-04-17,000518.SZ,2.91,2.92,2.88,2.9,2.9,0.0,0.0,52350.0,15180.657
2023-04-18,000518.SZ,2.92,2.92,2.88,2.89,2.9,-0.01,-0.3448,50835.42,14706.601
2023-04-19,000518.SZ,2.89,2.9,2.85,2.87,2.89,-0.02,-0.692,59974.01,17181.222
2023-04-20,000518.SZ,2.87,2.87,2.81,2.82,2.87,-0.05,-1.7422,63215.44,17869.953
2023-04-21,000518.SZ,2.84,2.85,2.8,2.8,2.82,-0.02,-0.7092,44518.81,12534.939
2023-04-24,000518.SZ,2.77,2.81,2.75,2.77,2.8,-0.03,-1.0714,63505.72,17679.075
2023-04-25,000518.SZ,2.76,2.79,2.68,2.71,2.77,-0.06,-2.1661,75283.21,20446.978
2023-04-26,000518.SZ,2.7,2.75,2.68,2.74,2.71,0.03,1.107,44383.0,12122.738
2023-04-27,000518.SZ,2.75,2.82,2.74,2.81,2.74,0.07,2.5547,66536.22,18627.307
2023-04-28,000518.SZ,2.81,2.85,2.79,2.85,2.81,0.04,1.4235,60963.66,17250.361
2023-05-04,000518.SZ,2.85,2.93,2.85,2.91,2.85,0.06,2.1053,92242.53,26851.898
2023-05-05,000518.SZ,2.9,2.93,2.85,2.88,2.91,-0.03,-1.0309,70792.16,20388.556
2023-05-08,000518.SZ,2.88,2.91,2.86,2.87,2.88,-0.01,-0.3472,46969.01,13522.847
2023-05-09,000518.SZ,2.87,2.88,2.81,2.82,2.87,-0.05,-1.7422,59653.0,16878.032
2023-05-10,000518.SZ,2.82,2.82,2.76,2.78,2.82,-0.04,-1.4184,71230.52,19812.911
2023-05-11,000518.SZ,2.77,2.82,2.76,2.81,2.78,0.03,1.0791,42598.11,11914.9
2023-05-12,000518.SZ,2.81,2.81,2.77,2.78,2.81,-0.03,-1.0676,29094.51,8122.491
2023-05-15,000518.SZ,2.78,2.8,2.74,2.78,2.78,0.0,0.0,41374.64,11440.227
2023-05-16,000518.SZ,2.78,2.79,2.75,2.77,2.78,-0.01,-0.3597,43180.18,11951.79
2023-05-17,000518.SZ,2.76,2.79,2.73,2.78,2.77,0.01,0.361,46839.87,12937.213
2023-05-18,000518.SZ,2.78,2.81,2.77,2.79,2.78,0.01,0.3597,34730.1,9670.482
2023-05-19,000518.SZ,2.79,2.79,2.76,2.79,2.79,0.0,0.0,35042.67,9735.605
2023-05-22,000518.SZ,2.79,2.81,2.76,2.81,2.79,0.02,0.7168,38092.68,10617.91
2023-05-23,000518.SZ,2.8,2.85,2.8,2.82,2.81,0.01,0.3559,75780.04,21478.727
2023-05-24,000518.SZ,2.81,2.82,2.77,2.78,2.82,-0.04,-1.4184,38110.0,10625.733
2023-05-25,000518.SZ,2.78,2.79,2.73,2.75,2.78,-0.03,-1.0791,54252.0,14959.395
2023-05-26,000518.SZ,2.76,2.8,2.73,2.8,2.75,0.05,1.8182,43494.1,12061.03
2023-05-29,000518.SZ,2.8,2.82,2.76,2.76,2.8,-0.04,-1.4286,41415.0,11531.483
2023-05-30,000518.SZ,2.77,2.78,2.72,2.74,2.76,-0.02,-0.7246,44067.77,12090.169
2023-05-31,000518.SZ,2.73,2.77,2.72,2.73,2.74,-0.01,-0.365,50336.0,13782.476
2023-06-01,000518.SZ,2.73,2.76,2.68,2.72,2.73,-0.01,-0.3663,49621.74,13506.302
2023-06-02,000518.SZ,2.72,2.73,2.7,2.72,2.72,0.0,0.0,49255.94,13381.849
2023-06-05,000518.SZ,2.72,2.74,2.7,2.71,2.72,-0.01,-0.3676,42697.0,11570.691
2023-06-06,000518.SZ,2.71,2.71,2.64,2.65,2.71,-0.06,-2.214,78370.68,20963.107
2023-06-07,000518.SZ,2.65,2.66,2.62,2.64,2.65,-0.01,-0.3774,45386.0,12003.276
2023-06-08,000518.SZ,2.65,2.65,2.62,2.63,2.64,-0.01,-0.3788,43963.57,11563.252
2023-06-09,000518.SZ,2.63,2.65,2.62,2.63,2.63,0.0,0.0,38701.21,10172.673
2023-06-12,000518.SZ,2.63,2.65,2.57,2.62,2.63,-0.01,-0.3802,65171.02,16917.439
2023-06-13,000518.SZ,2.63,2.63,2.6,2.61,2.62,-0.01,-0.3817,35715.0,9323.34
2023-06-14,000518.SZ,2.62,2.62,2.59,2.6,2.61,-0.01,-0.3831,32603.12,8482.538
2023-06-15,000518.SZ,2.61,2.61,2.57,2.58,2.6,-0.02,-0.7692,46594.02,12030.165
2023-06-16,000518.SZ,2.58,2.61,2.57,2.6,2.58,0.02,0.7752,52059.58,13522.424
2023-06-19,000518.SZ,2.59,2.61,2.58,2.58,2.6,-0.02,-0.7692,36996.0,9595.57
2023-06-20,000518.SZ,2.58,2.6,2.55,2.55,2.58,-0.03,-1.1628,51885.0,13390.057
2023-06-21,000518.SZ,2.54,2.56,2.48,2.49,2.55,-0.06,-2.3529,81504.26,20401.579
2023-06-26,000518.SZ,2.49,2.5,2.43,2.44,2.49,-0.05,-2.008,70258.02,17222.738
2023-06-27,000518.SZ,2.45,2.52,2.44,2.52,2.44,0.08,3.2787,75208.32,18771.305
2023-06-28,000518.SZ,2.53,2.53,2.47,2.51,2.52,-0.01,-0.3968,46878.1,11695.765
2023-06-29,000518.SZ,2.52,2.54,2.51,2.52,2.51,0.01,0.3984,33875.54,8549.838
2023-06-30,000518.SZ,2.53,2.59,2.52,2.59,2.52,0.07,2.7778,66222.56,17054.238
2023-07-03,000518.SZ,2.59,2.6,2.57,2.59,2.59,0.0,0.0,49191.82,12741.694
2023-07-04,000518.SZ,2.59,2.62,2.58,2.61,2.59,0.02,0.7722,56090.0,14582.5
2023-07-05,000518.SZ,2.6,2.62,2.59,2.61,2.61,0.0,0.0,41168.58,10741.974
2023-07-06,000518.SZ,2.61,2.62,2.58,2.59,2.61,-0.02,-0.7663,31138.0,8062.499
2023-07-07,000518.SZ,2.57,2.6,2.56,2.58,2.59,-0.01,-0.3861,28205.65,7283.445
2023-07-10,000518.SZ,2.58,2.62,2.58,2.59,2.58,0.01,0.3876,32332.66,8407.477
2023-07-11,000518.SZ,2.6,2.63,2.59,2.63,2.59,0.04,1.5444,49884.95,13054.059
2023-07-12,000518.SZ,2.63,2.64,2.59,2.6,2.63,-0.03,-1.1407,40537.0,10595.364
2023-07-13,000518.SZ,2.6,2.62,2.59,2.61,2.6,0.01,0.3846,32546.02,8502.389
2023-07-14,000518.SZ,2.61,2.63,2.59,2.6,2.61,-0.01,-0.3831,31869.1,8294.776
2023-07-17,000518.SZ,2.59,2.6,2.53,2.58,2.6,-0.02,-0.7692,39365.68,10093.254
2023-07-18,000518.SZ,2.57,2.59,2.56,2.59,2.58,0.01,0.3876,43267.44,11159.311
2023-07-19,000518.SZ,2.59,2.61,2.57,2.6,2.59,0.01,0.3861,32503.1,8433.49
2023-07-20,000518.SZ,2.6,2.61,2.58,2.59,2.6,-0.01,-0.3846,33831.11,8790.647
2023-07-21,000518.SZ,2.58,2.64,2.57,2.63,2.59,0.04,1.5444,55215.0,14438.376
2023-07-24,000518.SZ,2.62,2.77,2.61,2.68,2.63,0.05,1.9011,147299.71,39486.784
2023-07-25,000518.SZ,2.67,2.71,2.66,2.69,2.68,0.01,0.3731,93605.06,25083.267
2023-07-26,000518.SZ,2.68,2.85,2.67,2.79,2.69,0.1,3.7175,307687.98,85516.003
2023-07-27,000518.SZ,2.74,2.79,2.74,2.77,2.79,-0.02,-0.7168,147447.62,40748.708
2023-07-28,000518.SZ,2.78,2.82,2.75,2.81,2.77,0.04,1.444,114030.48,31823.035
2023-07-31,000518.SZ,2.79,2.83,2.77,2.79,2.81,-0.02,-0.7117,110126.98,30699.177
2023-08-01,000518.SZ,2.79,2.83,2.77,2.8,2.79,0.01,0.3584,100135.01,28086.795
2023-08-02,000518.SZ,2.81,2.82,2.77,2.77,2.8,-0.03,-1.0714,60122.01,16739.323
2023-08-03,000518.SZ,2.78,2.91,2.77,2.86,2.77,0.09,3.2491,245754.01,70415.564
2023-08-04,000518.SZ,2.86,2.87,2.78,2.78,2.86,-0.08,-2.7972,177692.0,50049.143
2023-08-07,000518.SZ,2.77,2.78,2.72,2.72,2.78,-0.06,-2.1583,88006.8,24122.866
2023-08-08,000518.SZ,2.73,2.78,2.7,2.77,2.72,0.05,1.8382,90707.49,24958.753
2023-08-09,000518.SZ,2.77,3.05,2.76,3.05,2.77,0.28,10.1083,374670.69,111393.3
2023-08-10,000518.SZ,3.2,3.3,3.05,3.1,3.05,0.05,1.6393,1018344.47,324105.66
2023-08-11,000518.SZ,3.06,3.17,3.01,3.02,3.1,-0.08,-2.5806,682267.2,210782.278
2023-08-14,000518.SZ,3.01,3.03,2.92,3.0,3.02,-0.02,-0.6623,484354.27,143895.709
2023-08-15,000518.SZ,2.97,3.12,2.91,2.99,3.0,-0.01,-0.3333,447832.79,134594.087
2023-08-16,000518.SZ,2.98,3.09,2.96,2.98,2.99,-0.01,-0.3344,344934.0,104143.94
2023-08-17,000518.SZ,2.97,3.0,2.89,2.93,2.98,-0.05,-1.6779,278491.68,81531.943
2023-08-18,000518.SZ,2.93,2.94,2.83,2.83,2.93,-0.1,-3.413,231063.25,66172.906
2023-08-21,000518.SZ,2.82,2.9,2.81,2.85,2.83,0.02,0.7067,177743.0,51004.416
2023-08-22,000518.SZ,2.88,2.89,2.77,2.82,2.85,-0.03,-1.0526,146910.24,41361.289
2023-08-23,000518.SZ,2.82,2.85,2.77,2.77,2.82,-0.05,-1.773,111025.01,31123.847
2023-08-24,000518.SZ,2.8,2.82,2.74,2.75,2.77,-0.02,-0.722,97138.33,26850.906
2023-08-25,000518.SZ,2.77,2.85,2.72,2.78,2.75,0.03,1.0909,159071.01,44565.065
2023-08-28,000518.SZ,2.91,2.94,2.84,2.86,2.78,0.08,2.8777,196207.94,56398.569
2023-08-29,000518.SZ,2.84,2.89,2.81,2.87,2.86,0.01,0.3497,133828.01,38125.013
2023-08-30,000518.SZ,2.85,2.87,2.79,2.8,2.87,-0.07,-2.439,131683.0,37080.981
2023-08-31,000518.SZ,2.82,2.84,2.74,2.84,2.8,0.04,1.4286,137172.82,38277.254
2023-09-01,000518.SZ,2.83,2.83,2.76,2.78,2.84,-0.06,-2.1127,91336.65,25364.843
2023-09-04,000518.SZ,2.77,2.81,2.76,2.8,2.78,0.02,0.7194,86751.01,24132.35
2023-09-05,000518.SZ,2.8,2.8,2.74,2.75,2.8,-0.05,-1.7857,90766.0,25076.973
2023-09-06,000518.SZ,2.76,2.78,2.74,2.76,2.75,0.01,0.3636,68715.0,18947.043
2023-09-07,000518.SZ,2.76,2.76,2.68,2.69,2.76,-0.07,-2.5362,106202.95,28819.343
2023-09-08,000518.SZ,2.68,2.72,2.68,2.69,2.69,0.0,0.0,58663.11,15810.517
2023-09-11,000518.SZ,2.69,2.76,2.67,2.75,2.69,0.06,2.2305,95312.01,26026.521
2023-09-12,000518.SZ,2.75,2.83,2.74,2.8,2.75,0.05,1.8182,149179.02,41683.311
2023-09-13,000518.SZ,2.8,2.82,2.74,2.77,2.8,-0.03,-1.0714,97104.4,26942.799
2023-09-14,000518.SZ,2.76,2.79,2.74,2.75,2.77,-0.02,-0.722,72638.02,20085.237
2023-09-15,000518.SZ,2.75,2.86,2.75,2.86,2.75,0.11,4.0,208319.62,58989.765
2023-09-18,000518.SZ,2.86,2.88,2.82,2.84,2.86,-0.02,-0.6993,105783.21,30145.234
2023-09-19,000518.SZ,2.86,2.9,2.84,2.85,2.84,0.01,0.3521,132197.1,37873.807
2023-09-20,000518.SZ,2.84,2.88,2.82,2.84,2.85,-0.01,-0.3509,99628.0,28328.45
2023-09-21,000518.SZ,2.85,2.86,2.79,2.81,2.84,-0.03,-1.0563,76681.0,21553.461
2023-09-22,000518.SZ,2.8,2.83,2.77,2.81,2.81,0.0,0.0,73240.0,20495.024
2023-09-25,000518.SZ,2.81,2.88,2.81,2.86,2.81,0.05,1.7794,112926.0,32233.9
2023-09-26,000518.SZ,2.85,2.87,2.8,2.8,2.86,-0.06,-2.0979,67449.05,19027.989
2023-09-27,000518.SZ,2.79,2.88,2.79,2.87,2.8,0.07,2.5,128449.71,36743.843
2023-09-28,000518.SZ,2.89,2.9,2.85,2.86,2.87,-0.01,-0.3484,92641.0,26581.146
2023-10-09,000518.SZ,2.85,2.87,2.78,2.83,2.86,-0.03,-1.049,99258.02,27906.692
2023-10-10,000518.SZ,2.8,2.81,2.73,2.75,2.83,-0.08,-2.8269,146935.02,40524.042
2023-10-11,000518.SZ,2.75,2.87,2.73,2.8,2.75,0.05,1.8182,157367.42,44316.64
2023-10-12,000518.SZ,2.8,2.93,2.8,2.9,2.8,0.1,3.5714,191968.68,55428.803
2023-10-13,000518.SZ,2.86,2.94,2.85,2.91,2.9,0.01,0.3448,153728.01,44694.834
2023-10-16,000518.SZ,2.92,2.95,2.85,2.88,2.91,-0.03,-1.0309,122203.07,35337.618
2023-10-17,000518.SZ,2.88,2.89,2.8,2.83,2.88,-0.05,-1.7361,97941.06,27697.226
2023-10-18,000518.SZ,2.83,2.83,2.75,2.76,2.83,-0.07,-2.4735,88020.01,24405.984
2023-10-19,000518.SZ,2.76,2.77,2.68,2.7,2.76,-0.06,-2.1739,93417.0,25330.326
2023-10-20,000518.SZ,2.68,2.72,2.66,2.66,2.7,-0.04,-1.4815,69056.0,18531.02
2023-10-23,000518.SZ,2.7,2.7,2.6,2.62,2.66,-0.04,-1.5038,81053.0,21397.609
2023-10-24,000518.SZ,2.64,2.73,2.63,2.73,2.62,0.11,4.1985,84739.01,22793.91
2023-10-25,000518.SZ,2.75,2.78,2.7,2.76,2.73,0.03,1.0989,99650.01,27347.562
2023-10-26,000518.SZ,2.76,2.77,2.71,2.75,2.76,-0.01,-0.3623,84249.0,23047.329
2023-10-27,000518.SZ,2.76,2.96,2.73,2.94,2.75,0.19,6.9091,257899.95,74037.252
2023-10-30,000518.SZ,2.94,3.09,2.92,3.06,2.94,0.12,4.0816,314194.58,95724.176
2023-10-31,000518.SZ,3.07,3.12,3.04,3.09,3.06,0.03,0.9804,262701.08,81325.458
2023-11-01,000518.SZ,3.1,3.14,3.07,3.13,3.09,0.04,1.2945,230284.09,71526.313
2023-11-02,000518.SZ,3.13,3.14,3.04,3.05,3.13,-0.08,-2.5559,182355.01,55822.345
2023-11-03,000518.SZ,3.06,3.09,3.01,3.03,3.05,-0.02,-0.6557,149937.0,45587.715
2023-11-06,000518.SZ,3.04,3.08,3.0,3.01,3.03,-0.02,-0.6601,149466.0,45218.558
2023-11-07,000518.SZ,3.04,3.05,3.0,3.01,3.01,0.0,0.0,123869.48,37455.624
2023-11-08,000518.SZ,3.01,3.1,3.0,3.06,3.01,0.05,1.6611,161905.1,49721.352
2023-11-09,000518.SZ,3.08,3.12,3.02,3.03,3.06,-0.03,-0.9804,134877.0,41317.87
2023-11-10,000518.SZ,3.02,3.06,3.0,3.03,3.03,0.0,0.0,88943.64,26979.108
2023-11-13,000518.SZ,3.03,3.08,3.03,3.07,3.03,0.04,1.3201,97201.66,29680.525
2023-11-14,000518.SZ,3.05,3.08,3.03,3.04,3.07,-0.03,-0.9772,91628.0,27964.645
2023-11-15,000518.SZ,3.06,3.07,3.03,3.04,3.04,0.0,0.0,70237.7,21410.719
2023-11-16,000518.SZ,3.05,3.06,3.02,3.03,3.04,-0.01,-0.3289,75563.0,22943.455
2023-11-17,000518.SZ,3.03,3.09,3.0,3.08,3.03,0.05,1.6502,109252.0,33400.881
2023-11-20,000518.SZ,3.08,3.13,3.07,3.11,3.08,0.03,0.974,117973.99,36699.952
2023-11-21,000518.SZ,3.13,3.15,3.1,3.12,3.11,0.01,0.3215,95052.0,29643.376
2023-11-22,000518.SZ,3.13,3.43,3.09,3.43,3.12,0.31,9.9359,427015.49,142166.572
2023-11-23,000518.SZ,3.77,3.77,3.77,3.77,3.43,0.34,9.9125,222875.17,84023.939
2023-11-24,000518.SZ,4.15,4.15,4.15,4.15,3.77,0.38,10.0796,169353.28,70281.611
2023-11-27,000518.SZ,4.57,4.57,4.57,4.57,4.15,0.42,10.1205,118898.6,54336.66
2023-11-28,000518.SZ,4.49,4.49,4.11,4.11,4.57,-0.46,-10.0656,2448881.47,1037355.577
2023-11-29,000518.SZ,3.77,3.86,3.7,3.7,4.11,-0.41,-9.9757,1561212.35,585046.383
2023-11-30,000518.SZ,3.54,4.05,3.44,3.89,3.7,0.19,5.1351,2313494.54,854894.779
2023-12-01,000518.SZ,3.66,3.76,3.59,3.63,3.89,-0.26,-6.6838,1503882.14,551415.881
2023-12-04,000518.SZ,3.56,3.92,3.52,3.73,3.63,0.1,2.7548,1426713.25,533004.875
2023-12-05,000518.SZ,3.69,4.0,3.69,3.84,3.73,0.11,2.9491,1696992.23,649349.296
2023-12-06,000518.SZ,3.71,3.78,3.65,3.67,3.84,-0.17,-4.4271,1089350.14,402461.965
2023-12-07,000518.SZ,3.63,3.74,3.57,3.6,3.67,-0.07,-1.9074,772033.03,279818.556
2023-12-08,000518.SZ,3.54,3.62,3.46,3.47,3.6,-0.13,-3.6111,792493.18,278306.927
2023-12-11,000518.SZ,3.46,3.54,3.44,3.51,3.47,0.04,1.1527,499873.2,174941.06
2023-12-12,000518.SZ,3.5,3.54,3.48,3.5,3.51,-0.01,-0.2849,403045.24,141022.598
2023-12-13,000518.SZ,3.52,3.64,3.51,3.57,3.5,0.07,2.0,688133.57,246929.827
2023-12-14,000518.SZ,3.51,3.55,3.46,3.47,3.57,-0.1,-2.8011,487821.36,170588.479
2023-12-15,000518.SZ,3.48,3.5,3.44,3.47,3.47,0.0,0.0,382308.85,132816.634
2023-12-18,000518.SZ,3.44,3.48,3.41,3.43,3.47,-0.04,-1.1527,339268.86,116540.055
2023-12-19,000518.SZ,3.42,3.43,3.35,3.4,3.43,-0.03,-0.8746,307935.74,103956.52
2023-12-20,000518.SZ,3.4,3.46,3.36,3.39,3.4,-0.01,-0.2941,270230.98,92048.221
2023-12-21,000518.SZ,3.38,3.4,3.29,3.39,3.39,0.0,0.0,307678.67,102900.519
2023-12-22,000518.SZ,3.38,3.4,3.3,3.34,3.39,-0.05,-1.4749,239667.49,79795.111
2023-12-25,000518.SZ,3.26,3.31,3.09,3.26,3.34,-0.08,-2.3952,433496.53,139404.11
2023-12-26,000518.SZ,3.23,3.32,3.23,3.25,3.26,-0.01,-0.3067,260396.0,85328.451
2023-12-27,000518.SZ,3.25,3.28,3.21,3.27,3.25,0.02,0.6154,172314.01,55991.923
2023-12-28,000518.SZ,3.25,3.3,3.21,3.29,3.27,0.02,0.6116,215520.0,70428.626
2023-12-29,000518.SZ,3.27,3.35,3.27,3.32,3.29,0.03,0.9119,196852.01,65199.722
2024-01-02,000518.SZ,3.31,3.37,3.29,3.34,3.32,0.02,0.6024,205660.09,68569.098
2024-01-03,000518.SZ,3.33,3.39,3.3,3.34,3.34,0.0,0.0,199837.0,66888.567
2024-01-04,000518.SZ,3.31,3.48,3.3,3.35,3.34,0.01,0.2994,511673.83,171509.464
2024-01-05,000518.SZ,3.33,3.34,3.22,3.24,3.35,-0.11,-3.2836,412297.79,135154.096
2024-01-08,000518.SZ,3.24,3.26,3.18,3.19,3.24,-0.05,-1.5432,276870.77,88882.913
2024-01-09,000518.SZ,3.22,3.25,3.18,3.21,3.19,0.02,0.627,164289.0,52775.928
2024-01-10,000518.SZ,3.23,3.24,3.15,3.18,3.21,-0.03,-0.9346,144958.01,46326.602
2024-01-11,000518.SZ,3.18,3.24,3.18,3.23,3.18,0.05,1.5723,153388.0,49402.788
2024-01-12,000518.SZ,3.23,3.29,3.18,3.2,3.23,-0.03,-0.9288,184053.1,59525.707
2024-01-15,000518.SZ,3.17,3.25,3.16,3.21,3.2,0.01,0.3125,141729.49,45539.412
2024-01-16,000518.SZ,3.21,3.22,3.12,3.19,3.21,-0.02,-0.6231,165041.8,52130.084
2024-01-17,000518.SZ,3.19,3.2,3.1,3.1,3.19,-0.09,-2.8213,130626.81,41218.592
2024-01-18,000518.SZ,3.09,3.11,3.0,3.09,3.1,-0.01,-0.3226,191701.2,58365.576
2024-01-19,000518.SZ,3.1,3.12,3.03,3.05,3.09,-0.04,-1.2945,119905.81,36887.359
2024-01-22,000518.SZ,3.04,3.07,2.86,2.89,3.05,-0.16,-5.2459,164789.0,48915.957
2024-01-23,000518.SZ,2.89,2.9,2.8,2.85,2.89,-0.04,-1.3841,229801.93,65615.191
2024-01-24,000518.SZ,2.85,2.95,2.79,2.9,2.85,0.05,1.7544,178380.14,51319.36
2024-01-25,000518.SZ,2.91,3.03,2.88,3.02,2.9,0.12,4.1379,168073.01,49799.761
2024-01-26,000518.SZ,3.02,3.12,3.0,3.05,3.02,0.03,0.9934,228967.0,70368.647
2024-01-29,000518.SZ,3.06,3.08,2.93,2.96,3.05,-0.09,-2.9508,147524.0,43845.6
2024-01-30,000518.SZ,2.9,2.92,2.8,2.82,2.96,-0.14,-4.7297,171060.0,49070.625
2024-01-31,000518.SZ,2.8,2.81,2.62,2.65,2.82,-0.17,-6.0284,204210.88,55170.066
2024-02-01,000518.SZ,2.63,2.66,2.55,2.58,2.65,-0.07,-2.6415,164869.4,42836.782
2024-02-02,000518.SZ,2.6,2.66,2.35,2.45,2.58,-0.13,-5.0388,206452.64,51679.648
2024-02-05,000518.SZ,2.45,2.46,2.21,2.21,2.45,-0.24,-9.7959,279640.92,62778.93
2024-02-06,000518.SZ,2.05,2.23,1.99,2.12,2.21,-0.09,-4.0724,412065.02,84972.828
2024-02-07,000518.SZ,2.12,2.14,1.91,1.91,2.12,-0.21,-9.9057,522053.16,102003.654
2024-02-08,000518.SZ,1.9,1.95,1.72,1.94,1.91,0.03,1.5707,704221.65,127244.19
2024-02-19,000518.SZ,1.95,2.05,1.92,2.05,1.94,0.11,5.6701,470384.43,94122.61
2024-02-20,000518.SZ,2.06,2.19,2.02,2.16,2.05,0.11,5.3659,425834.62,90425.91
2024-02-21,000518.SZ,2.13,2.26,2.11,2.19,2.16,0.03,1.3889,346490.13,76098.318
2024-02-22,000518.SZ,2.18,2.31,2.18,2.3,2.19,0.11,5.0228,365502.02,82301.556
2024-02-23,000518.SZ,2.32,2.53,2.32,2.53,2.3,0.23,10.0,304630.0,74916.489
2024-02-26,000518.SZ,2.51,2.54,2.4,2.44,2.53,-0.09,-3.5573,804244.23,197199.682
2024-02-27,000518.SZ,2.43,2.52,2.4,2.51,2.44,0.07,2.8689,569343.12,140855.142
2024-02-28,000518.SZ,2.53,2.76,2.39,2.41,2.51,-0.1,-3.9841,991852.19,259682.746
2024-02-29,000518.SZ,2.39,2.49,2.3,2.47,2.41,0.06,2.4896,590243.2,143176.45
2024-03-01,000518.SZ,2.47,2.47,2.38,2.43,2.47,-0.04,-1.6194,393753.63,95282.32
2024-03-04,000518.SZ,2.41,2.51,2.4,2.48,2.43,0.05,2.0576,381415.51,93810.384
2024-03-05,000518.SZ,2.48,2.48,2.38,2.38,2.48,-0.1,-4.0323,311596.12,74917.888
2024-03-06,000518.SZ,2.37,2.41,2.35,2.4,2.38,0.02,0.8403,180124.0,42980.232
2024-03-07,000518.SZ,2.39,2.42,2.36,2.36,2.4,-0.04,-1.6667,208721.0,49777.642
2024-03-08,000518.SZ,2.35,2.39,2.34,2.36,2.36,0.0,0.0,147396.0,34854.73
2024-03-11,000518.SZ,2.37,2.44,2.37,2.43,2.36,0.07,2.9661,251390.0,60576.783
2024-03-12,000518.SZ,2.43,2.55,2.43,2.5,2.43,0.07,2.8807,349968.0,87435.494
2024-03-13,000518.SZ,2.49,2.51,2.43,2.45,2.5,-0.05,-2.0,215244.23,52845.727
2024-03-14,000518.SZ,2.52,2.66,2.43,2.47,2.45,0.02,0.8163,383408.0,96276.842
2024-03-15,000518.SZ,2.44,2.72,2.42,2.72,2.47,0.25,10.1215,893962.16,238845.641
2024-03-18,000518.SZ,2.72,2.99,2.68,2.85,2.72,0.13,4.7794,1384794.44,385853.941
2024-03-19,000518.SZ,2.8,2.81,2.71,2.72,2.85,-0.13,-4.5614,664659.93,182580.173
2024-03-20,000518.SZ,2.7,2.76,2.67,2.73,2.72,0.01,0.3676,464284.89,126270.138
2024-03-21,000518.SZ,2.73,2.73,2.64,2.67,2.73,-0.06,-2.1978,398448.82,106627.38
2024-03-22,000518.SZ,2.66,2.68,2.6,2.63,2.67,-0.04,-1.4981,260765.56,68548.859
2024-03-25,000518.SZ,2.65,2.67,2.57,2.59,2.63,-0.04,-1.5209,249006.12,65103.511
2024-03-26,000518.SZ,2.55,2.59,2.48,2.56,2.59,-0.03,-1.1583,301593.47,76022.406
2024-03-27,000518.SZ,2.59,2.81,2.59,2.66,2.56,0.1,3.9063,552608.3,147721.219
2024-03-28,000518.SZ,2.57,2.79,2.53,2.72,2.66,0.06,2.2556,568234.41,150844.859
2024-03-29,000518.SZ,2.68,2.71,2.61,2.63,2.72,-0.09,-3.3088,362696.69,96108.006
2024-04-01,000518.SZ,2.57,2.65,2.57,2.64,2.63,0.01,0.3802,257118.21,67305.4
2024-04-02,000518.SZ,2.64,2.65,2.6,2.61,2.64,-0.03,-1.1364,192924.03,50396.578
2024-04-03,000518.SZ,2.61,2.62,2.52,2.53,2.61,-0.08,-3.0651,249026.82,63550.003
2024-04-08,000518.SZ,2.51,2.52,2.4,2.41,2.53,-0.12,-4.7431,269539.0,65852.157
2024-04-09,000518.SZ,2.4,2.51,2.4,2.48,2.41,0.07,2.9046,178027.61,43607.362
2024-04-10,000518.SZ,2.46,2.47,2.35,2.38,2.48,-0.1,-4.0323,196420.09,47048.683
2024-04-11,000518.SZ,2.36,2.4,2.34,2.38,2.38,0.0,0.0,103781.22,24697.992
2024-04-12,000518.SZ,2.37,2.39,2.3,2.31,2.38,-0.07,-2.9412,127617.0,29785.632
2024-04-15,000518.SZ,2.22,2.27,2.09,2.18,2.31,-0.13,-5.6277,255903.1,55860.741
2024-04-16,000518.SZ,2.16,2.16,2.0,2.01,2.18,-0.17,-7.7982,246869.1,50388.564
2024-04-17,000518.SZ,2.03,2.14,2.02,2.13,2.01,0.12,5.9701,187183.78,39487.252
2024-04-18,000518.SZ,2.12,2.15,2.08,2.09,2.13,-0.04,-1.8779,139919.07,29456.858
2024-04-19,000518.SZ,2.07,2.11,2.04,2.07,2.09,-0.02,-0.9569,98322.9,20306.673
2024-04-22,000518.SZ,2.06,2.07,2.01,2.04,2.07,-0.03,-1.4493,100185.0,20475.443
2024-04-23,000518.SZ,2.05,2.1,2.04,2.08,2.04,0.04,1.9608,98687.01,20429.472
2024-04-24,000518.SZ,2.08,2.1,2.06,2.09,2.08,0.01,0.4808,76914.0,16017.328
2024-04-25,000518.SZ,2.09,2.15,2.08,2.12,2.09,0.03,1.4354,122073.05,25924.425
2024-04-26,000518.SZ,2.11,2.14,2.09,2.14,2.12,0.02,0.9434,117288.05,24821.456
2024-04-29,000518.SZ,2.13,2.26,2.12,2.25,2.14,0.11,5.1402,237494.0,52213.578
2024-04-30,000518.SZ,2.25,2.45,2.24,2.29,2.25,0.04,1.7778,399127.01,92394.186
2024-05-06,000518.SZ,2.32,2.4,2.26,2.4,2.29,0.11,4.8035,393650.54,92104.733
2024-05-07,000518.SZ,2.39,2.4,2.34,2.36,2.4,-0.04,-1.6667,290886.07,68662.793
2024-05-08,000518.SZ,2.6,2.6,2.6,2.6,2.36,0.24,10.1695,308718.01,80266.683
2024-05-09,000518.SZ,2.62,2.86,2.58,2.86,2.6,0.26,10.0,1066452.81,294139.043
2024-05-10,000518.SZ,2.94,3.08,2.72,2.8,2.86,-0.06,-2.0979,1485650.08,427495.545
2024-05-13,000518.SZ,2.61,2.75,2.52,2.67,2.8,-0.13,-4.6429,930786.48,243748.775
2024-05-14,000518.SZ,2.58,2.65,2.53,2.54,2.67,-0.13,-4.8689,502592.01,129549.734
2024-05-15,000518.SZ,2.51,2.52,2.43,2.47,2.54,-0.07,-2.7559,406096.14,100088.266
2024-05-16,000518.SZ,2.46,2.49,2.43,2.45,2.47,-0.02,-0.8097,290812.0,71346.862
2024-05-17,000518.SZ,2.43,2.48,2.42,2.45,2.45,0.0,0.0,263627.11,64557.349
2024-05-20,000518.SZ,2.45,2.45,2.39,2.41,2.45,-0.04,-1.6327,284875.0,68829.025
2024-05-21,000518.SZ,2.39,2.4,2.35,2.37,2.41,-0.04,-1.6598,237788.95,56236.667
2024-05-22,000518.SZ,2.36,2.38,2.32,2.34,2.37,-0.03,-1.2658,227466.79,53317.52
2024-05-23,000518.SZ,2.33,2.39,2.3,2.31,2.34,-0.03,-1.2821,302213.71,70624.031
2024-05-24,000518.SZ,2.31,2.35,2.3,2.31,2.31,0.0,0.0,153527.36,35627.585
2024-05-27,000518.SZ,2.31,2.33,2.26,2.3,2.31,-0.01,-0.4329,130240.65,29749.234
2024-05-28,000518.SZ,2.3,2.33,2.27,2.29,2.3,-0.01,-0.4348,112132.06,25775.951
2024-05-29,000518.SZ,2.28,2.31,2.26,2.31,2.29,0.02,0.8734,104615.07,23961.129
2024-05-30,000518.SZ,2.3,2.3,2.21,2.23,2.31,-0.08,-3.4632,212101.01,47459.444
2024-05-31,000518.SZ,2.22,2.25,2.2,2.22,2.23,-0.01,-0.4484,137569.28,30570.429
2024-06-03,000518.SZ,2.22,2.22,2.13,2.16,2.22,-0.06,-2.7027,167895.24,36238.286
2024-06-04,000518.SZ,2.14,2.14,2.09,2.12,2.16,-0.04,-1.8519,134221.0,28364.552
2024-06-05,000518.SZ,2.12,2.14,2.08,2.09,2.12,-0.03,-1.4151,125936.01,26566.533
2024-06-06,000518.SZ,2.08,2.12,1.99,2.01,2.09,-0.08,-3.8278,198015.33,40297.068
2024-06-07,000518.SZ,2.04,2.12,2.02,2.11,2.01,0.1,4.9751,161540.23,33521.765
2024-06-11,000518.SZ,2.13,2.14,2.05,2.07,2.11,-0.04,-1.8957,120305.8,24916.519
2024-06-12,000518.SZ,2.07,2.12,2.05,2.1,2.07,0.03,1.4493,119671.02,24934.618
2024-06-13,000518.SZ,2.09,2.1,2.04,2.04,2.1,-0.06,-2.8571,96641.0,19889.531
2024-06-14,000518.SZ,2.04,2.06,2.01,2.04,2.04,0.0,0.0,54971.0,11220.585
2024-06-17,000518.SZ,2.02,2.05,2.01,2.02,2.04,-0.02,-0.9804,70587.0,14296.408
2024-06-18,000518.SZ,2.02,2.04,2.01,2.03,2.02,0.01,0.495,79992.02,16221.846
2024-06-19,000518.SZ,2.05,2.05,2.02,2.03,2.03,0.0,0.0,46268.68,9395.229
2024-06-20,000518.SZ,2.04,2.06,1.97,1.99,2.03,-0.04,-1.9704,144183.01,28898.642
2024-06-21,000518.SZ,1.98,2.03,1.94,2.01,1.99,0.02,1.005,73443.17,14658.138
2024-06-24,000518.SZ,2.01,2.01,1.91,1.92,2.01,-0.09,-4.4776,118154.0,22940.228
2024-06-25,000518.SZ,1.92,1.95,1.9,1.93,1.92,0.01,0.5208,62304.03,12004.061
2024-06-26,000518.SZ,1.92,1.99,1.91,1.98,1.93,0.05,2.5907,70051.16,13618.626
2024-06-27,000518.SZ,1.99,2.04,1.97,2.02,1.98,0.04,2.0202,106046.0,21378.294
2024-06-28,000518.SZ,2.02,2.03,1.97,1.98,2.02,-0.04,-1.9802,88517.0,17703.213
2024-07-01,000518.SZ,1.98,2.0,1.95,1.99,1.98,0.01,0.5051,54512.0,10775.781
2024-07-02,000518.SZ,1.98,2.06,1.98,2.04,1.99,0.05,2.5126,117882.63,24009.854
2024-07-03,000518.SZ,2.06,2.09,2.04,2.06,2.04,0.02,0.9804,98579.01,20425.567
2024-07-04,000518.SZ,2.09,2.09,1.98,2.0,2.06,-0.06,-2.9126,92006.01,18508.338
2024-07-05,000518.SZ,1.97,2.05,1.95,2.04,2.0,0.04,2.0,90064.0,18155.42
2024-07-08,000518.SZ,2.03,2.05,1.98,1.98,2.04,-0.06,-2.9412,58475.0,11684.575
2024-07-09,000518.SZ,1.98,2.0,1.92,1.99,1.98,0.01,0.5051,95354.0,18736.982
2024-07-10,000518.SZ,1.99,1.99,1.79,1.79,1.99,-0.2,-10.0503,405183.91,74205.603
2024-07-11,000518.SZ,1.79,1.9,1.78,1.88,1.79,0.09,5.0279,246565.0,45974.971
2024-07-12,000518.SZ,1.86,1.95,1.86,1.91,1.88,0.03,1.5957,126264.72,24169.714
2024-07-15,000518.SZ,1.91,1.93,1.86,1.87,1.91,-0.04,-2.0942,72577.0,13606.539
2024-07-16,000518.SZ,1.88,1.89,1.84,1.84,1.87,-0.03,-1.6043,48462.0,8972.001
2024-07-17,000518.SZ,1.86,1.89,1.85,1.87,1.84,0.03,1.6304,68978.72,12909.92
2024-07-18,000518.SZ,1.87,1.94,1.82,1.9,1.87,0.03,1.6043,125162.66,23531.386
2024-07-19,000518.SZ,1.91,1.91,1.84,1.89,1.9,-0.01,-0.5263,85732.16,16049.063
2024-07-22,000518.SZ,1.86,1.91,1.86,1.91,1.89,0.02,1.0582,72538.0,13721.195
2024-07-23,000518.SZ,1.92,1.93,1.87,1.87,1.91,-0.04,-2.0942,52019.5,9854.334
2024-07-24,000518.SZ,1.86,1.88,1.83,1.83,1.87,-0.04,-2.139,51970.0,9619.987
2024-07-25,000518.SZ,1.82,1.86,1.81,1.86,1.83,0.03,1.6393,52850.5,9735.88
2024-07-26,000518.SZ,1.85,1.88,1.84,1.86,1.86,0.0,0.0,44493.0,8287.602
2024-07-29,000518.SZ,1.86,1.87,1.85,1.86,1.86,0.0,0.0,67799.0,12610.302
2024-07-30,000518.SZ,1.86,1.89,1.85,1.88,1.86,0.02,1.0753,71040.01,13303.032
2024-07-31,000518.SZ,1.86,1.94,1.86,1.94,1.88,0.06,3.1915,137875.66,26493.085
2024-08-01,000518.SZ,1.94,2.13,1.94,2.13,1.94,0.19,9.7938,396840.75,81459.139
2024-08-02,000518.SZ,2.16,2.34,2.16,2.34,2.13,0.21,9.8592,926139.47,213369.808
2024-08-05,000518.SZ,2.25,2.28,2.11,2.11,2.34,-0.23,-9.8291,1002428.71,218409.358
2024-08-06,000518.SZ,2.14,2.31,2.05,2.26,2.11,0.15,7.109,971673.23,213772.216
2024-08-07,000518.SZ,2.13,2.18,2.09,2.13,2.26,-0.13,-5.7522,555591.14,118297.259
2024-08-08,000518.SZ,2.14,2.26,2.13,2.16,2.13,0.03,1.4085,576033.01,126423.079
2024-08-09,000518.SZ,2.12,2.13,2.04,2.05,2.16,-0.11,-5.0926,452502.0,94174.7
2024-08-12,000518.SZ,2.06,2.26,2.06,2.26,2.05,0.21,10.2439,382903.75,85159.459
2024-08-13,000518.SZ,2.32,2.34,2.19,2.21,2.26,-0.05,-2.2124,918931.81,207597.038
2024-08-14,000518.SZ,2.23,2.25,2.14,2.17,2.21,-0.04,-1.81,449701.06,97663.498
2024-08-15,000518.SZ,2.14,2.29,2.14,2.22,2.17,0.05,2.3041,624424.16,137261.515
2024-08-16,000518.SZ,2.17,2.2,2.14,2.16,2.22,-0.06,-2.7027,362377.06,78451.425
2024-08-19,000518.SZ,2.14,2.16,2.11,2.14,2.16,-0.02,-0.9259,266044.07,56761.669
2024-08-20,000518.SZ,2.14,2.14,2.08,2.1,2.14,-0.04,-1.8692,220530.0,46396.623
2024-08-21,000518.SZ,2.07,2.07,2.0,2.01,2.1,-0.09,-4.2857,312217.71,63426.108
2024-08-22,000518.SZ,2.0,2.02,1.95,1.96,2.01,-0.05,-2.4876,206181.0,40874.896
2024-08-23,000518.SZ,1.96,1.96,1.92,1.93,1.96,-0.03,-1.5306,119369.01,23104.35
2024-08-26,000518.SZ,1.93,1.97,1.89,1.95,1.93,0.02,1.0363,106760.41,20741.533
2024-08-27,000518.SZ,1.95,2.04,1.94,1.98,1.95,0.03,1.5385,208308.0,41318.471
2024-08-28,000518.SZ,1.95,1.98,1.91,1.95,1.98,-0.03,-1.5152,147216.26,28685.382
2024-08-29,000518.SZ,1.96,2.01,1.95,1.98,1.95,0.03,1.5385,151065.0,29881.751
2024-08-30,000518.SZ,1.96,2.08,1.94,2.01,1.98,0.03,1.5152,223781.0,44984.902
2024-09-02,000518.SZ,2.03,2.21,2.01,2.13,2.01,0.12,5.9701,589727.52,126040.595
2024-09-03,000518.SZ,2.02,2.08,1.97,2.07,2.13,-0.06,-2.8169,406141.02,82576.985
2024-09-04,000518.SZ,2.05,2.06,2.01,2.01,2.07,-0.06,-2.8986,210470.0,42604.232
2024-09-05,000518.SZ,2.01,2.06,2.01,2.04,2.01,0.03,1.4925,165091.98,33548.992
2024-09-06,000518.SZ,2.05,2.05,2.0,2.01,2.04,-0.03,-1.4706,131768.02,26593.916
2024-09-09,000518.SZ,2.04,2.14,2.01,2.08,2.01,0.07,3.4826,336694.0,69754.931
2024-09-10,000518.SZ,2.08,2.15,2.06,2.09,2.08,0.01,0.4808,288814.0,60563.964
2024-09-11,000518.SZ,2.07,2.1,2.04,2.04,2.09,-0.05,-2.3923,160933.0,33050.621
2024-09-12,000518.SZ,2.02,2.09,2.02,2.03,2.04,-0.01,-0.4902,135121.0,27711.621
2024-09-13,000518.SZ,2.03,2.04,2.0,2.02,2.03,-0.01,-0.4926,131209.0,26499.181
2024-09-18,000518.SZ,2.0,2.0,1.94,1.96,2.02,-0.06,-2.9703,170881.01,33528.199
2024-09-19,000518.SZ,1.94,2.01,1.93,2.0,1.96,0.04,2.0408,189291.0,37363.537
2024-09-20,000518.SZ,1.99,1.99,1.96,1.97,2.0,-0.03,-1.5,132857.97,26161.715
2024-09-23,000518.SZ,1.98,1.99,1.97,1.98,1.97,0.01,0.5076,96915.01,19180.489
2024-09-24,000518.SZ,1.98,2.04,1.97,2.04,1.98,0.06,3.0303,222786.97,44822.84
2024-09-25,000518.SZ,2.04,2.12,2.04,2.08,2.04,0.04,1.9608,269249.01,56083.637
2024-09-26,000518.SZ,2.06,2.16,2.05,2.14,2.08,0.06,2.8846,406073.02,85953.073
2024-09-27,000518.SZ,2.15,2.26,2.15,2.21,2.14,0.07,3.271,532350.01,116586.082
2024-09-30,000518.SZ,2.26,2.42,2.22,2.4,2.21,0.19,8.5973,729157.32,170058.897
2024-10-08,000518.SZ,2.63,2.64,2.35,2.5,2.4,0.1,4.1667,802488.7,201595.472
2024-10-09,000518.SZ,2.49,2.49,2.27,2.27,2.5,-0.23,-9.2,481190.71,113066.901
2024-10-10,000518.SZ,2.27,2.38,2.26,2.29,2.27,0.02,0.8811,293733.51,68058.653
2024-10-11,000518.SZ,2.29,2.32,2.17,2.2,2.29,-0.09,-3.9301,239397.06,53180.569
2024-10-14,000518.SZ,2.21,2.26,2.17,2.26,2.2,0.06,2.7273,209702.21,46484.669
2024-10-15,000518.SZ,2.25,2.26,2.2,2.21,2.26,-0.05,-2.2124,203749.0,45445.88
2024-10-16,000518.SZ,2.18,2.3,2.18,2.24,2.21,0.03,1.3575,221616.18,49523.063
2024-10-17,000518.SZ,2.25,2.28,2.2,2.22,2.24,-0.02,-0.8929,181022.0,40587.822
2024-10-18,000518.SZ,2.22,2.36,2.21,2.3,2.22,0.08,3.6036,410678.09,93816.871
2024-10-21,000518.SZ,2.31,2.32,2.24,2.28,2.3,-0.02,-0.8696,267062.08,60746.629
2024-10-22,000518.SZ,2.21,2.31,2.18,2.3,2.28,0.02,0.8772,399982.63,90716.005
2024-10-23,000518.SZ,2.3,2.42,2.28,2.33,2.3,0.03,1.3043,404573.14,94545.823
2024-10-24,000518.SZ,2.34,2.56,2.34,2.56,2.33,0.23,9.8712,885543.3,219877.074
2024-10-25,000518.SZ,2.56,2.8,2.5,2.68,2.56,0.12,4.6875,1528391.86,403793.354
2024-10-28,000518.SZ,2.58,2.95,2.49,2.95,2.68,0.27,10.0746,1498715.2,413532.483
2024-10-29,000518.SZ,2.96,3.05,2.76,2.77,2.95,-0.18,-6.1017,1316133.85,379225.038
2024-10-30,000518.SZ,2.68,2.82,2.66,2.72,2.77,-0.05,-1.8051,665882.62,181504.956
2024-10-31,000518.SZ,2.69,2.82,2.65,2.76,2.72,0.04,1.4706,685290.94,187317.169
2024-11-01,000518.SZ,2.73,2.77,2.6,2.62,2.76,-0.14,-5.0725,563476.86,150014.582
2024-11-04,000518.SZ,2.62,2.88,2.62,2.83,2.62,0.21,8.0153,852948.72,234767.674
2024-11-05,000518.SZ,2.75,2.92,2.75,2.85,2.83,0.02,0.7067,831877.57,235571.597
2024-11-06,000518.SZ,2.82,2.85,2.75,2.81,2.85,-0.04,-1.4035,659471.16,184560.439
2024-11-07,000518.SZ,2.75,3.09,2.72,3.09,2.81,0.28,9.9644,1165895.26,342463.404
2024-11-08,000518.SZ,3.2,3.4,3.15,3.4,3.09,0.31,10.0324,1872321.8,623561.244
2024-11-11,000518.SZ,3.28,3.44,3.15,3.22,3.4,-0.18,-5.2941,1449121.75,469186.401
2024-11-12,000518.SZ,3.26,3.54,3.22,3.54,3.22,0.32,9.9379,1952994.5,672594.98
2024-11-13,000518.SZ,3.33,3.45,3.2,3.25,3.54,-0.29,-8.1921,1308853.64,431800.768
2024-11-14,000518.SZ,3.24,3.38,3.1,3.11,3.25,-0.14,-4.3077,721922.27,230566.322
2024-11-15,000518.SZ,3.06,3.15,2.96,3.01,3.11,-0.1,-3.2154,695536.01,209944.081
2024-11-18,000518.SZ,2.99,3.05,2.88,2.98,3.01,-0.03,-0.9967,550618.1,163740.009
2024-11-19,000518.SZ,3.0,3.15,2.98,3.09,2.98,0.11,3.6913,549832.6,168586.547
2024-11-20,000518.SZ,3.07,3.27,3.02,3.22,3.09,0.13,4.2071,621203.62,197629.957
2024-11-21,000518.SZ,3.23,3.54,3.2,3.38,3.22,0.16,4.9689,1003773.75,339878.216
2024-11-22,000518.SZ,3.3,3.5,3.3,3.37,3.38,-0.01,-0.2959,947736.86,322020.729
2024-11-25,000518.SZ,3.37,3.59,3.37,3.54,3.37,0.17,5.0445,1001428.12,348548.734
2024-11-26,000518.SZ,3.52,3.74,3.47,3.51,3.54,-0.03,-0.8475,1063441.89,382681.124
2024-11-27,000518.SZ,3.49,3.72,3.39,3.68,3.51,0.17,4.8433,1081892.26,384921.883
2024-11-28,000518.SZ,3.69,3.79,3.5,3.71,3.68,0.03,0.8152,1152158.53,422055.062
2024-11-29,000518.SZ,3.64,3.78,3.61,3.71,3.71,0.0,0.0,797602.27,294620.771
2024-12-02,000518.SZ,3.64,3.76,3.56,3.63,3.71,-0.08,-2.1563,927333.97,338972.017
2024-12-03,000518.SZ,3.61,3.8,3.58,3.72,3.63,0.09,2.4793,803793.41,298038.893
2024-12-04,000518.SZ,3.67,3.72,3.56,3.71,3.72,-0.01,-0.2688,691353.04,250262.239
2024-12-05,000518.SZ,3.65,3.99,3.38,3.8,3.71,0.09,2.4259,1542114.16,564058.539
2024-12-06,000518.SZ,3.64,3.66,3.42,3.42,3.8,-0.38,-10.0,908198.0,318256.513
2024-12-09,000518.SZ,3.22,3.76,3.22,3.76,3.42,0.34,9.9415,2005023.37,703414.447
2024-12-10,000518.SZ,3.8,3.83,3.54,3.55,3.76,-0.21,-5.5851,1638720.64,605118.218
2024-12-11,000518.SZ,3.53,3.59,3.49,3.51,3.55,-0.04,-1.1268,799050.0,281608.517
2024-12-12,000518.SZ,3.53,3.63,3.49,3.57,3.51,0.06,1.7094,661928.91,235989.093
2024-12-13,000518.SZ,3.55,3.57,3.42,3.42,3.57,-0.15,-4.2017,564369.0,196971.67
2024-12-16,000518.SZ,3.38,3.48,3.38,3.45,3.42,0.03,0.8772,382140.0,131265.296
2024-12-17,000518.SZ,3.45,3.45,3.18,3.19,3.45,-0.26,-7.5362,574602.53,188098.967
2024-12-18,000518.SZ,3.24,3.25,3.13,3.2,3.19,0.01,0.3135,295503.02,94795.467
2024-12-19,000518.SZ,3.17,3.25,3.15,3.24,3.2,0.04,1.25,264659.0,85160.251
2024-12-20,000518.SZ,3.23,3.52,3.2,3.38,3.24,0.14,4.321,562179.4,188931.257
2024-12-23,000518.SZ,3.33,3.38,3.04,3.06,3.38,-0.32,-9.4675,657590.48,208352.451
2024-12-24,000518.SZ,2.98,3.12,2.84,3.12,3.06,0.06,1.9608,759264.11,223815.26
2024-12-25,000518.SZ,3.08,3.27,2.88,3.11,3.12,-0.01,-0.3205,772146.71,237871.339
2024-12-26,000518.SZ,3.23,3.34,2.88,2.98,3.11,-0.13,-4.1801,1120509.0,349908.545
2024-12-27,000518.SZ,2.82,2.85,2.7,2.77,2.98,-0.21,-7.047,762277.55,212716.932
2024-12-30,000518.SZ,2.77,2.77,2.6,2.61,2.77,-0.16,-5.7762,449068.42,118471.514
2024-12-31,000518.SZ,2.61,2.64,2.51,2.53,2.61,-0.08,-3.0651,301756.01,77259.845
2025-01-02,000518.SZ,2.52,2.58,2.49,2.5,2.53,-0.03,-1.1858,280083.4,71090.698
2025-01-03,000518.SZ,2.52,2.54,2.38,2.4,2.5,-0.1,-4.0,310495.0,76103.323
2025-01-06,000518.SZ,2.44,2.64,2.44,2.64,2.4,0.24,10.0,508219.66,131199.099
2025-01-07,000518.SZ,2.72,2.77,2.55,2.63,2.64,-0.01,-0.3788,714939.96,189931.221
2025-01-08,000518.SZ,2.63,2.73,2.6,2.66,2.63,0.03,1.1407,515611.23,137980.368
2025-01-09,000518.SZ,2.61,2.72,2.55,2.61,2.66,-0.05,-1.8797,365464.3,95429.649
2025-01-10,000518.SZ,2.6,2.62,2.46,2.46,2.61,-0.15,-5.7471,299369.02,75290.558
2025-01-13,000518.SZ,2.45,2.5,2.36,2.5,2.46,0.04,1.626,195579.56,47546.925
2025-01-14,000518.SZ,2.5,2.6,2.48,2.59,2.5,0.09,3.6,292221.8,74433.905
2025-01-15,000518.SZ,2.62,2.63,2.54,2.57,2.59,-0.02,-0.7722,192901.0,49470.747
2025-01-16,000518.SZ,2.58,2.7,2.57,2.64,2.57,0.07,2.7237,337095.06,88764.852
2025-01-17,000518.SZ,2.64,2.64,2.56,2.59,2.64,-0.05,-1.8939,177560.01,45839.509
2025-01-20,000518.SZ,2.59,2.61,2.52,2.54,2.59,-0.05,-1.9305,203673.01,52124.463
2025-01-21,000518.SZ,2.56,2.57,2.48,2.5,2.54,-0.04,-1.5748,154915.0,38782.82
2025-01-22,000518.SZ,2.26,2.41,2.26,2.37,2.5,-0.13,-5.2,362929.92,85266.363
2025-01-23,000518.SZ,2.39,2.43,2.33,2.33,2.37,-0.04,-1.6878,237541.0,56515.433
2025-01-24,000518.SZ,2.33,2.41,2.27,2.36,2.33,0.03,1.2876,255096.0,59738.906
2025-01-27,000518.SZ,2.38,2.43,2.33,2.35,2.36,-0.01,-0.4237,146181.78,34771.666
2025-02-05,000518.SZ,2.38,2.45,2.38,2.43,2.35,0.08,3.4043,186984.78,45263.616
2025-02-06,000518.SZ,2.43,2.48,2.35,2.46,2.43,0.03,1.2346,240674.04,58127.037
2025-02-07,000518.SZ,2.46,2.55,2.45,2.53,2.46,0.07,2.8455,294127.08,74033.508
2025-02-10,000518.SZ,2.54,2.63,2.53,2.63,2.53,0.1,3.9526,342615.54,88968.572
2025-02-11,000518.SZ,2.63,2.64,2.55,2.58,2.63,-0.05,-1.9011,224550.07,57661.438
2025-02-12,000518.SZ,2.58,2.59,2.53,2.55,2.58,-0.03,-1.1628,190939.02,48675.613
2025-02-13,000518.SZ,2.55,2.59,2.52,2.57,2.55,0.02,0.7843,221834.86,56776.135
2025-02-14,000518.SZ,2.56,2.62,2.55,2.57,2.57,0.0,0.0,268048.01,69384.983
2025-02-17,000518.SZ,2.58,2.7,2.57,2.64,2.57,0.07,2.7237,336803.1,88659.122
2025-02-18,000518.SZ,2.65,2.66,2.52,2.53,2.64,-0.11,-4.1667,278962.02,71495.634
2025-02-19,000518.SZ,2.53,2.55,2.5,2.55,2.53,0.02,0.7905,167572.32,42305.471
2025-02-20,000518.SZ,2.55,2.6,2.52,2.56,2.55,0.01,0.3922,166284.78,42625.648
2025-02-21,000518.SZ,2.57,2.58,2.5,2.53,2.56,-0.03,-1.1719,175684.0,44407.631
2025-02-24,000518.SZ,2.51,2.57,2.5,2.53,2.53,0.0,0.0,190554.0,48377.911
2025-02-25,000518.SZ,2.53,2.53,2.46,2.48,2.53,-0.05,-1.9763,210406.02,52367.946
2025-02-26,000518.SZ,2.48,2.52,2.46,2.49,2.48,0.01,0.4032,204243.02,50507.933
2025-02-27,000518.SZ,2.49,2.51,2.43,2.47,2.49,-0.02,-0.8032,183171.74,45103.647
2025-02-28,000518.SZ,2.45,2.47,2.38,2.38,2.47,-0.09,-3.6437,183772.7,44381.849
2025-03-03,000518.SZ,2.28,2.36,2.24,2.33,2.38,-0.05,-2.1008,361788.3,83423.389
2025-03-04,000518.SZ,2.31,2.32,2.11,2.19,2.33,-0.14,-6.0086,643873.96,140933.481
2025-03-05,000518.SZ,2.19,2.2,2.1,2.16,2.19,-0.03,-1.3699,327794.63,69935.359
2025-03-06,000518.SZ,2.16,2.19,2.11,2.18,2.16,0.02,0.9259,333008.07,71943.967
2025-03-07,000518.SZ,2.19,2.22,2.14,2.16,2.18,-0.02,-0.9174,230562.02,50001.917
2025-03-10,000518.SZ,2.18,2.35,2.17,2.28,2.16,0.12,5.5556,569751.16,129265.129
2025-03-11,000518.SZ,2.27,2.27,2.2,2.24,2.28,-0.04,-1.7544,263411.0,58762.761
2025-03-12,000518.SZ,2.24,2.29,2.22,2.27,2.24,0.03,1.3393,240919.8,54458.455
2025-03-13,000518.SZ,2.26,2.28,2.21,2.27,2.27,0.0,0.0,237719.6,53401.529
2025-03-14,000518.SZ,2.27,2.32,2.24,2.32,2.27,0.05,2.2026,296199.23,67790.766
2025-03-17,000518.SZ,2.32,2.38,2.3,2.34,2.32,0.02,0.8621,258125.11,60279.116
2025-03-18,000518.SZ,2.35,2.36,2.29,2.31,2.34,-0.03,-1.2821,196354.64,45358.647
2025-03-19,000518.SZ,2.32,2.35,2.3,2.32,2.31,0.01,0.4329,178647.65,41479.314
2025-03-20,000518.SZ,2.33,2.35,2.3,2.31,2.32,-0.01,-0.431,119921.01,27809.197
2025-03-21,000518.SZ,2.31,2.35,2.29,2.33,2.31,0.02,0.8658,225902.52,52304.114
2025-03-24,000518.SZ,2.32,2.34,2.23,2.26,2.33,-0.07,-3.0043,223873.86,51094.304
2025-03-25,000518.SZ,2.29,2.29,2.23,2.24,2.26,-0.02,-0.885,104234.82,23396.064
2025-03-26,000518.SZ,2.24,2.3,2.21,2.27,2.24,0.03,1.3393,132040.8,29913.001
2025-03-27,000518.SZ,2.26,2.27,2.21,2.26,2.27,-0.01,-0.4405,125460.52,28071.176
2025-03-28,000518.SZ,2.26,2.49,2.23,2.49,2.26,0.23,10.177,959662.23,236081.504
2025-03-31,000518.SZ,2.45,2.74,2.37,2.66,2.49,0.17,6.8273,1272922.79,328999.827
2025-04-01,000518.SZ,2.53,2.88,2.5,2.75,2.66,0.09,3.3835,1107307.5,299670.083
2025-04-02,000518.SZ,2.63,2.74,2.53,2.56,2.75,-0.19,-6.9091,811078.39,211659.233
2025-04-03,000518.SZ,2.54,2.7,2.47,2.6,2.56,0.04,1.5625,704147.02,180422.651
2025-04-07,000518.SZ,2.34,2.34,2.34,2.34,2.6,-0.26,-10.0,112996.0,26441.064
2025-04-08,000518.SZ,2.11,2.26,2.11,2.13,2.34,-0.21,-8.9744,759806.72,162200.048
2025-04-09,000518.SZ,2.1,2.12,1.92,2.1,2.13,-0.03,-1.4085,597646.61,119562.356
2025-04-10,000518.SZ,2.13,2.17,2.12,2.15,2.1,0.05,2.381,415224.34,89408.766
2025-04-11,000518.SZ,2.17,2.35,2.14,2.24,2.15,0.09,4.186,489372.67,109476.194
2025-04-14,000518.SZ,2.24,2.29,2.21,2.25,2.24,0.01,0.4464,325737.01,73257.234
2025-04-15,000518.SZ,2.26,2.27,2.19,2.2,2.25,-0.05,-2.2222,200193.51,44283.329
2025-04-16,000518.SZ,2.21,2.22,2.12,2.14,2.2,-0.06,-2.7273,254080.0,54755.979
2025-04-17,000518.SZ,2.15,2.18,2.14,2.16,2.14,0.02,0.9346,178676.11,38565.528
2025-04-18,000518.SZ,2.14,2.18,2.1,2.14,2.16,-0.02,-0.9259,166407.0,35519.585
2025-04-21,000518.SZ,2.11,2.17,2.09,2.16,2.14,0.02,0.9346,190928.48,40941.542
2025-04-22,000518.SZ,2.16,2.16,2.11,2.12,2.16,-0.04,-1.8519,206019.11,43851.158
2025-04-23,000518.SZ,2.12,2.14,2.1,2.11,2.12,-0.01,-0.4717,156825.1,33164.557
2025-04-24,000518.SZ,2.1,2.12,2.08,2.08,2.11,-0.03,-1.4218,169205.22,35373.659
2025-04-25,000518.SZ,2.07,2.08,2.05,2.05,2.08,-0.03,-1.4423,205433.08,42317.597
2025-04-28,000518.SZ,2.04,2.04,1.98,2.01,2.05,-0.04,-1.9512,165119.8,33056.889
2025-04-30,000518.SZ,1.91,1.91,1.91,1.91,2.01,-0.1,-4.9751,13708.0,2618.228
2025-05-06,000518.SZ,1.81,1.81,1.81,1.81,1.91,-0.1,-5.2356,25092.0,4541.652
2025-05-07,000518.SZ,1.72,1.9,1.72,1.89,1.81,0.08,4.4199,966561.66,169591.608
2025-05-08,000518.SZ,1.81,1.91,1.8,1.85,1.89,-0.04,-2.1164,476880.04,88161.021
2025-05-09,000518.SZ,1.87,1.94,1.85,1.92,1.85,0.07,3.7838,488243.14,93701.924
2025-05-12,000518.SZ,1.92,2.01,1.85,1.95,1.92,0.03,1.5625,444642.81,85430.409
2025-05-13,000518.SZ,1.98,2.05,1.97,2.05,1.95,0.1,5.1282,489737.33,99549.776
2025-05-14,000518.SZ,2.02,2.09,2.02,2.07,2.05,0.02,0.9756,371796.73,76296.942
2025-05-15,000518.SZ,2.1,2.16,2.08,2.14,2.07,0.07,3.3816,308370.84,65535.866
2025-05-16,000518.SZ,2.12,2.13,2.03,2.03,2.14,-0.11,-5.1402,305440.69,62814.295
2025-05-19,000518.SZ,2.08,2.12,2.06,2.12,2.03,0.09,4.4335,198941.55,41743.214
2025-05-20,000518.SZ,2.14,2.2,2.12,2.17,2.12,0.05,2.3585,204489.0,44261.893
2025-05-21,000518.SZ,2.16,2.2,2.12,2.17,2.17,0.0,0.0,203831.08,43944.164
2025-05-22,000518.SZ,2.16,2.22,2.13,2.14,2.17,-0.03,-1.3825,179548.91,38919.415
2025-05-23,000518.SZ,2.13,2.17,2.08,2.08,2.14,-0.06,-2.8037,178530.48,37715.97
2025-05-26,000518.SZ,2.08,2.12,2.07,2.09,2.08,0.01,0.4808,117742.0,24556.833
2025-05-27,000518.SZ,2.07,2.16,2.07,2.15,2.09,0.06,2.8708,153711.13,32630.815
2025-05-28,000518.SZ,2.15,2.16,2.1,2.11,2.15,-0.04,-1.8605,116201.6,24702.447
2025-05-29,000518.SZ,2.11,2.14,2.09,2.12,2.11,0.01,0.4739,118480.02,25078.206
2025-05-30,000518.SZ,2.11,2.12,2.09,2.11,2.12,-0.01,-0.4717,107632.29,22638.047
2025-06-03,000518.SZ,2.11,2.2,2.1,2.19,2.11,0.08,3.7915,228619.25,49445.37
2025-06-04,000518.SZ,2.19,2.21,2.17,2.19,2.19,0.0,0.0,160654.16,35162.289
2025-06-05,000518.SZ,2.22,2.3,2.22,2.27,2.19,0.08,3.653,439268.28,100302.339
2025-06-06,000518.SZ,2.22,2.3,2.21,2.3,2.27,0.03,1.3216,279425.36,62792.025
2025-06-09,000518.SZ,2.3,2.42,2.27,2.42,2.3,0.12,5.2174,358022.14,85387.121
2025-06-10,000518.SZ,2.45,2.54,2.43,2.54,2.42,0.12,4.9587,466749.94,117171.508
2025-06-11,000518.SZ,2.59,2.67,2.54,2.67,2.54,0.13,5.1181,215909.68,56751.995
2025-06-12,000518.SZ,2.8,2.8,2.58,2.66,2.67,-0.01,-0.3745,717113.24,193856.341
2025-06-13,000518.SZ,2.67,2.67,2.54,2.56,2.66,-0.1,-3.7594,355658.19,91754.925
2025-06-16,000518.SZ,2.59,2.69,2.58,2.69,2.56,0.13,5.0781,196099.76,52398.792
2025-06-17,000518.SZ,2.77,2.81,2.67,2.71,2.69,0.02,0.7435,377860.61,103423.097
2025-06-18,000518.SZ,2.7,2.78,2.65,2.7,2.71,-0.01,-0.369,197316.82,53552.81
2025-06-19,000518.SZ,2.68,2.72,2.59,2.62,2.7,-0.08,-2.963,189275.41,49772.2
2025-06-20,000518.SZ,2.59,2.74,2.59,2.67,2.62,0.05,1.9084,202124.4,53961.954
2025-06-23,000518.SZ,2.67,2.67,2.6,2.63,2.67,-0.04,-1.4981,126292.0,33108.72
2025-06-24,000518.SZ,2.7,2.71,2.64,2.65,2.63,0.02,0.7605,122010.4,32485.466
2025-06-25,000518.SZ,2.64,2.67,2.61,2.63,2.65,-0.02,-0.7547,100334.65,26428.892
2025-06-26,000518.SZ,2.62,2.63,2.5,2.52,2.63,-0.11,-4.1825,246629.25,62744.223
2025-06-27,000518.SZ,2.51,2.6,2.5,2.59,2.52,0.07,2.7778,145045.02,37353.775
2025-06-30,000518.SZ,2.6,2.64,2.54,2.56,2.59,-0.03,-1.1583,148108.97,38303.469
2025-07-01,000518.SZ,2.56,2.6,2.53,2.54,2.56,-0.02,-0.7813,102741.01,26206.869
2025-07-02,000518.SZ,2.54,2.54,2.45,2.47,2.54,-0.07,-2.7559,172318.0,42737.305
2025-07-03,000518.SZ,2.48,2.58,2.47,2.55,2.47,0.08,3.2389,165952.14,42180.104
2025-07-04,000518.SZ,2.54,2.62,2.5,2.59,2.55,0.04,1.5686,150267.23,38657.169
2025-07-07,000518.SZ,2.59,2.61,2.53,2.54,2.59,-0.05,-1.9305,126408.0,32312.889
2025-07-08,000518.SZ,2.54,2.56,2.51,2.52,2.54,-0.02,-0.7874,118605.02,29945.98
2025-07-09,000518.SZ,2.52,2.52,2.46,2.48,2.52,-0.04,-1.5873,140811.01,34957.228
2025-07-10,000518.SZ,2.47,2.49,2.45,2.45,2.48,-0.03,-1.2097,88547.94,21835.417
2025-07-11,000518.SZ,2.5,2.51,2.38,2.42,2.45,-0.03,-1.2245,180566.4,43907.928
2025-07-14,000518.SZ,2.42,2.42,2.35,2.38,2.42,-0.04,-1.6529,157905.23,37594.197
2025-07-15,000518.SZ,2.38,2.39,2.33,2.35,2.38,-0.03,-1.2605,139675.0,32784.78
2025-07-16,000518.SZ,2.36,2.42,2.35,2.4,2.35,0.05,2.1277,112305.0,26904.407
2025-07-17,000518.SZ,2.4,2.46,2.39,2.41,2.4,0.01,0.4167,151432.0,36610.151
2025-07-18,000518.SZ,2.4,2.4,2.36,2.39,2.41,-0.02,-0.8299,89255.0,21208.977
2025-07-21,000518.SZ,2.38,2.41,2.36,2.38,2.39,-0.01,-0.4184,73493.0,17537.482
2025-07-22,000518.SZ,2.39,2.39,2.36,2.37,2.38,-0.01,-0.4202,88343.15,20958.586
2025-07-23,000518.SZ,2.38,2.38,2.25,2.26,2.37,-0.11,-4.6414,285454.01,65468.878
2025-07-24,000518.SZ,2.26,2.3,2.24,2.29,2.26,0.03,1.3274,109386.11,24953.87
2025-07-25,000518.SZ,2.29,2.34,2.28,2.3,2.29,0.01,0.4367,93773.0,21707.959
2025-07-28,000518.SZ,2.3,2.33,2.28,2.29,2.3,-0.01,-0.4348,98985.76,22779.164
2025-07-29,000518.SZ,2.28,2.32,2.25,2.32,2.29,0.03,1.31,111633.03,25515.156
2025-07-30,000518.SZ,2.31,2.32,2.27,2.28,2.32,-0.04,-1.7241,85606.02,19585.395
2025-07-31,000518.SZ,2.27,2.3,2.25,2.26,2.28,-0.02,-0.8772,76740.0,17399.759
2025-08-01,000518.SZ,2.26,2.27,2.21,2.23,2.26,-0.03,-1.3274,106591.01,23809.384
2025-08-04,000518.SZ,2.22,2.27,2.21,2.27,2.23,0.04,1.7937,97312.0,21952.213
2025-08-05,000518.SZ,2.27,2.32,2.26,2.32,2.27,0.05,2.2026,120331.95,27732.312
2025-08-06,000518.SZ,2.32,2.35,2.27,2.3,2.32,-0.02,-0.8621,129436.0,29740.864
2025-08-07,000518.SZ,2.3,2.34,2.28,2.34,2.3,0.04,1.7391,115634.81,26820.644
2025-08-08,000518.SZ,2.34,2.37,2.31,2.34,2.34,0.0,0.0,104923.0,24545.701
2025-08-11,000518.SZ,2.33,2.36,2.32,2.34,2.34,0.0,0.0,82312.79,19260.614
2025-08-12,000518.SZ,2.34,2.35,2.31,2.33,2.34,-0.01,-0.4274,81464.23,18936.67
2025-08-13,000518.SZ,2.31,2.33,2.29,2.3,2.33,-0.03,-1.2876,114240.05,26358.059
2025-08-14,000518.SZ,2.31,2.31,2.26,2.27,2.3,-0.03,-1.3043,116737.49,26598.678
2025-08-15,000518.SZ,2.27,2.3,2.25,2.28,2.27,0.01,0.4405,84474.49,19231.704
2025-08-18,000518.SZ,2.28,2.28,2.24,2.26,2.28,-0.02,-0.8772,149280.0,33746.578
2025-08-19,000518.SZ,2.25,2.26,2.23,2.24,2.26,-0.02,-0.885,116085.67,26030.904
2025-08-20,000518.SZ,2.25,2.31,2.23,2.3,2.24,0.06,2.6786,189207.87,43206.975
2025-08-21,000518.SZ,2.29,2.3,2.28,2.28,2.3,-0.02,-0.8696,108223.0,24783.767
2025-08-22,000518.SZ,2.28,2.39,2.28,2.39,2.28,0.11,4.8246,268641.58,63295.453
2025-08-25,000518.SZ,2.43,2.51,2.43,2.51,2.39,0.12,5.0209,222873.46,55240.639
2025-08-26,000518.SZ,2.56,2.58,2.42,2.47,2.51,-0.04,-1.5936,375024.07,93049.08
2025-08-27,000518.SZ,2.49,2.53,2.35,2.36,2.47,-0.11,-4.4534,335164.87,81082.556
2025-08-28,000518.SZ,2.36,2.38,2.29,2.36,2.36,0.0,0.0,224414.99,52534.313
2025-08-29,000518.SZ,2.36,2.36,2.29,2.31,2.36,-0.05,-2.1186,128497.3,29717.098
2025-09-01,000518.SZ,2.31,2.33,2.26,2.31,2.31,0.0,0.0,125166.5,28867.616
2025-09-02,000518.SZ,2.31,2.32,2.28,2.31,2.31,0.0,0.0,108343.06,24885.135
2025-09-03,000518.SZ,2.3,2.43,2.29,2.37,2.31,0.06,2.5974,306302.55,73196.977
2025-09-04,000518.SZ,2.35,2.37,2.33,2.37,2.37,0.0,0.0,176777.92,41564.196
2025-09-05,000518.SZ,2.36,2.39,2.34,2.39,2.37,0.02,0.8439,134656.01,31882.264
2025-09-08,000518.SZ,2.39,2.4,2.36,2.38,2.39,-0.01,-0.4184,111112.0,26449.98
2025-09-09,000518.SZ,2.39,2.43,2.36,2.38,2.38,0.0,0.0,140380.43,33565.399
2025-09-10,000518.SZ,2.37,2.39,2.35,2.36,2.38,-0.02,-0.8403,113404.5,26793.0
2025-09-11,000518.SZ,2.36,2.36,2.32,2.35,2.36,-0.01,-0.4237,117915.01,27529.704
2025-09-12,000518.SZ,2.34,2.37,2.32,2.35,2.35,0.0,0.0,111492.71,26183.277
2025-09-15,000518.SZ,2.36,2.37,2.34,2.34,2.35,-0.01,-0.4255,78827.11,18525.021
2025-09-16,000518.SZ,2.35,2.39,2.32,2.37,2.34,0.03,1.2821,140744.21,33120.183
2025-09-17,000518.SZ,2.36,2.37,2.33,2.34,2.37,-0.03,-1.2658,98294.64,23084.725
2025-09-18,000518.SZ,2.34,2.37,2.3,2.32,2.34,-0.02,-0.8547,142326.64,33258.947
2025-09-19,000518.SZ,2.31,2.32,2.28,2.3,2.32,-0.02,-0.8621,95770.0,21990.781
2025-09-22,000518.SZ,2.3,2.31,2.28,2.3,2.3,0.0,0.0,64098.2,14686.584
2025-09-23,000518.SZ,2.3,2.3,2.22,2.25,2.3,-0.05,-2.1739,123817.27,27868.862
2025-09-24,000518.SZ,2.24,2.28,2.24,2.28,2.25,0.03,1.3333,56069.27,12723.768
2025-09-25,000518.SZ,2.27,2.28,2.24,2.26,2.28,-0.02,-0.8772,50978.0,11533.642
2025-09-26,000518.SZ,2.26,2.29,2.24,2.28,2.26,0.02,0.885,65855.0,14918.69
2025-09-29,000518.SZ,2.27,2.29,2.24,2.28,2.28,0.0,0.0,61016.59,13827.365
2025-09-30,000518.SZ,2.27,2.29,2.27,2.28,2.28,0.0,0.0,53694.41,12231.257
2025-10-09,000518.SZ,2.28,2.39,2.28,2.39,2.28,0.11,4.8246,282760.93,67122.862
2025-10-10,000518.SZ,2.36,2.41,2.35,2.37,2.39,-0.02,-0.8368,221477.73,52567.254
2025-10-13,000518.SZ,2.33,2.45,2.31,2.42,2.37,0.05,2.1097,180670.01,42960.224
2025-10-14,000518.SZ,2.41,2.45,2.37,2.37,2.42,-0.05,-2.0661,141711.42,34127.625
2025-10-15,000518.SZ,2.38,2.43,2.36,2.41,2.37,0.04,1.6878,98968.06,23698.497
2025-10-16,000518.SZ,2.4,2.45,2.37,2.43,2.41,0.02,0.8299,150725.71,36354.636
2025-10-17,000518.SZ,2.42,2.46,2.4,2.41,2.43,-0.02,-0.823,110849.0,26863.668
2025-10-20,000518.SZ,2.42,2.52,2.4,2.5,2.41,0.09,3.7344,197702.32,48711.937
2025-10-21,000518.SZ,2.5,2.55,2.47,2.49,2.5,-0.01,-0.4,147791.9,36873.446
2025-10-22,000518.SZ,2.49,2.53,2.48,2.49,2.49,0.0,0.0,95600.0,23887.268
2025-10-23,000518.SZ,2.49,2.52,2.46,2.5,2.49,0.01,0.4016,96879.31,24092.921
2025-10-24,000518.SZ,2.52,2.63,2.51,2.6,2.5,0.1,4.0,298468.03,77086.64
2025-10-27,000518.SZ,2.56,2.58,2.48,2.48,2.6,-0.12,-4.6154,284658.05,71535.901
2025-10-28,000518.SZ,2.48,2.54,2.45,2.49,2.48,0.01,0.4032,145662.1,36363.139
2025-10-29,000518.SZ,2.49,2.49,2.46,2.47,2.49,-0.02,-0.8032,105813.0,26097.246
2025-10-30,000518.SZ,2.48,2.5,2.44,2.46,2.47,-0.01,-0.4049,119908.02,29617.618
2025-10-31,000518.SZ,2.45,2.48,2.44,2.46,2.46,0.0,0.0,109016.84,26818.342
2025-11-03,000518.SZ,2.48,2.54,2.47,2.53,2.46,0.07,2.8455,165733.95,41655.42
2025-11-04,000518.SZ,2.56,2.59,2.52,2.55,2.53,0.02,0.7905,137957.5,35126.245
2025-11-05,000518.SZ,2.53,2.57,2.53,2.57,2.55,0.02,0.7843,96560.01,24696.215
2025-11-06,000518.SZ,2.57,2.59,2.54,2.55,2.57,-0.02,-0.7782,93112.5,23832.616
2025-11-07,000518.SZ,2.54,2.58,2.54,2.54,2.55,-0.01,-0.3922,88449.11,22595.778
2025-11-10,000518.SZ,2.52,2.54,2.5,2.51,2.54,-0.03,-1.1811,123542.6,31073.688
2025-11-11,000518.SZ,2.51,2.54,2.5,2.54,2.51,0.03,1.1952,89708.0,22602.602
2025-11-12,000518.SZ,2.55,2.6,2.54,2.58,2.54,0.04,1.5748,127241.0,32658.983
2025-11-13,000518.SZ,2.57,2.63,2.55,2.6,2.58,0.02,0.7752,169256.0,44023.757
2025-11-14,000518.SZ,2.58,2.65,2.58,2.62,2.6,0.02,0.7692,141006.61,36951.92
2025-11-17,000518.SZ,2.62,2.67,2.62,2.65,2.62,0.03,1.145,128859.02,34038.613
2025-11-18,000518.SZ,2.66,2.67,2.57,2.6,2.65,-0.05,-1.8868,164003.11,42875.138
2025-11-19,000518.SZ,2.61,2.64,2.6,2.63,2.6,0.03,1.1538,120670.11,31642.906
2025-11-20,000518.SZ,2.62,2.63,2.52,2.53,2.63,-0.1,-3.8023,168483.2,43161.846
2025-11-21,000518.SZ,2.52,2.55,2.44,2.45,2.53,-0.08,-3.1621,168496.11,41790.966
2025-11-24,000518.SZ,2.47,2.56,2.45,2.54,2.45,0.09,3.6735,125117.0,31391.828
2025-11-25,000518.SZ,2.53,2.58,2.53,2.55,2.54,0.01,0.3937,93017.7,23754.986
2025-11-26,000518.SZ,2.55,2.59,2.55,2.58,2.55,0.03,1.1765,67993.92,17506.715
2025-11-27,000518.SZ,2.6,2.62,2.54,2.55,2.58,-0.03,-1.1628,87639.0,22605.278
2025-11-28,000518.SZ,2.56,2.56,2.53,2.55,2.55,0.0,0.0,57582.0,14650.871
2025-12-01,000518.SZ,2.57,2.6,2.55,2.59,2.55,0.04,1.5686,85881.0,22153.947
2025-12-02,000518.SZ,2.58,2.59,2.52,2.53,2.59,-0.06,-2.3166,92957.01,23635.105
2025-12-03,000518.SZ,2.53,2.54,2.48,2.5,2.53,-0.03,-1.1858,78843.63,19712.809
2025-12-04,000518.SZ,2.49,2.53,2.49,2.5,2.5,0.0,0.0,73094.6,18339.414
2025-12-05,000518.SZ,2.49,2.55,2.47,2.54,2.5,0.04,1.6,83020.66,20858.263
2025-12-08,000518.SZ,2.54,2.56,2.5,2.51,2.54,-0.03,-1.1811,101779.0,25639.385
2025-12-09,000518.SZ,2.51,2.51,2.46,2.47,2.51,-0.04,-1.5936,99180.0,24580.71
2025-12-10,000518.SZ,2.46,2.49,2.45,2.47,2.47,0.0,0.0,82341.0,20322.114
2025-12-11,000518.SZ,2.46,2.47,2.42,2.43,2.47,-0.04,-1.6194,99280.0,24263.779
2025-12-12,000518.SZ,2.43,2.46,2.43,2.44,2.43,0.01,0.4115,52706.34,12899.027
2025-12-15,000518.SZ,2.43,2.43,2.4,2.4,2.44,-0.04,-1.6393,74832.01,18081.444
2025-12-16,000518.SZ,2.41,2.41,2.33,2.38,2.4,-0.02,-0.8333,91597.0,21693.186
2025-12-17,000518.SZ,2.37,2.39,2.34,2.38,2.38,0.0,0.0,56005.01,13245.817
2025-12-18,000518.SZ,2.38,2.43,2.38,2.4,2.38,0.02,0.8403,63868.01,15383.191
2025-12-19,000518.SZ,2.41,2.42,2.38,2.42,2.4,0.02,0.8333,65394.01,15709.445
2025-12-22,000518.SZ,2.42,2.43,2.4,2.41,2.42,-0.01,-0.4132,65330.0,15750.808
2025-12-23,000518.SZ,2.41,2.41,2.37,2.39,2.41,-0.02,-0.8299,55511.0,13239.943
2025-12-24,000518.SZ,2.38,2.4,2.38,2.39,2.39,0.0,0.0,46172.71,11026.759
2025-12-25,000518.SZ,2.39,2.47,2.37,2.46,2.39,0.07,2.9289,109224.72,26428.462
2025-12-26,000518.SZ,2.46,2.46,2.42,2.44,2.46,-0.02,-0.813,73084.0,17796.057
2025-12-29,000518.SZ,2.43,2.44,2.39,2.41,2.44,-0.03,-1.2295,69829.02,16831.999
2025-12-30,000518.SZ,2.41,2.41,2.38,2.39,2.41,-0.02,-0.8299,42751.02,10223.194
2025-12-31,000518.SZ,2.39,2.42,2.38,2.41,2.39,0.02,0.8368,27921.31,6703.72
2026-01-05,000518.SZ,2.41,2.42,2.38,2.42,2.41,0.01,0.4149,62271.75,14961.225
2026-01-06,000518.SZ,2.41,2.45,2.4,2.44,2.42,0.02,0.8264,72700.03,17656.527
2026-01-07,000518.SZ,2.44,2.44,2.42,2.43,2.44,-0.01,-0.4098,41946.0,10181.051
2026-01-08,000518.SZ,2.43,2.49,2.42,2.47,2.43,0.04,1.6461,89847.73,22143.846
2026-01-09,000518.SZ,2.46,2.47,2.44,2.47,2.47,0.0,0.0,81441.0,19978.733
2026-01-12,000518.SZ,2.46,2.47,2.45,2.46,2.47,-0.01,-0.4049,97459.11,23960.168
2026-01-13,000518.SZ,2.45,2.53,2.43,2.49,2.46,0.03,1.2195,176400.39,43879.631
2026-01-14,000518.SZ,2.49,2.55,2.48,2.52,2.49,0.03,1.2048,153093.84,38480.381
2026-01-15,000518.SZ,2.51,2.52,2.48,2.5,2.52,-0.02,-0.7937,68420.0,17097.839
2026-01-16,000518.SZ,2.5,2.52,2.49,2.51,2.5,0.01,0.4,56882.0,14228.006
2026-01-19,000518.SZ,2.51,2.63,2.49,2.6,2.51,0.09,3.5857,180975.36,46402.542
2026-01-20,000518.SZ,2.6,2.67,2.57,2.59,2.6,-0.01,-0.3846,141874.5,36983.623
2026-01-21,000518.SZ,2.58,2.65,2.58,2.64,2.59,0.05,1.9305,101121.27,26523.787
2026-01-22,000518.SZ,2.66,2.74,2.64,2.72,2.64,0.08,3.0303,187416.39,50735.411
2026-01-23,000518.SZ,2.74,2.78,2.7,2.74,2.72,0.02,0.7353,134698.01,36772.317
2026-01-26,000518.SZ,2.75,2.88,2.75,2.85,2.74,0.11,4.0146,235200.4,66471.373
2026-01-27,000518.SZ,2.82,2.85,2.71,2.77,2.85,-0.08,-2.807,209512.79,57842.666
2026-01-28,000518.SZ,2.63,2.66,2.63,2.63,2.77,-0.14,-5.0542,190402.0,50108.028
2026-01-29,000518.SZ,2.5,2.63,2.5,2.53,2.63,-0.1,-3.8023,390539.76,99227.054
2026-01-30,000518.SZ,2.51,2.64,2.51,2.6,2.53,0.07,2.7668,192643.74,49760.029
2026-02-02,000518.SZ,2.59,2.66,2.58,2.59,2.6,-0.01,-0.3846,164006.39,42960.146
2026-02-03,000518.SZ,2.6,2.62,2.54,2.59,2.59,0.0,0.0,119115.0,30781.114
2026-02-04,000518.SZ,2.62,2.66,2.59,2.64,2.59,0.05,1.9305,119824.22,31492.095
2026-02-05,000518.SZ,2.63,2.68,2.62,2.67,2.64,0.03,1.1364,92997.6,24667.327
2026-02-06,000518.SZ,2.66,2.66,2.6,2.61,2.67,-0.06,-2.2472,116445.81,30672.33
2026-02-09,000518.SZ,2.62,2.64,2.58,2.59,2.61,-0.02,-0.7663,92185.65,24034.535
2026-02-10,000518.SZ,2.61,2.63,2.58,2.6,2.59,0.01,0.3861,68705.1,17861.042
2026-02-11,000518.SZ,2.57,2.6,2.55,2.6,2.6,0.0,0.0,118183.11,30369.664
2026-02-12,000518.SZ,2.59,2.59,2.55,2.55,2.6,-0.05,-1.9231,87324.01,22393.135
2026-02-13,000518.SZ,2.55,2.59,2.54,2.57,2.55,0.02,0.7843,72048.0,18526.374
2026-02-24,000518.SZ,2.59,2.63,2.57,2.63,2.57,0.06,2.3346,76417.13,19906.883
2026-02-25,000518.SZ,2.64,2.76,2.64,2.76,2.63,0.13,4.943,59271.37,16252.19
2026-02-26,000518.SZ,2.76,2.88,2.74,2.78,2.76,0.02,0.7246,262349.78,73525.149
2026-02-27,000518.SZ,2.83,2.84,2.73,2.76,2.78,-0.02,-0.7194,137146.65,38277.256
2026-03-02,000518.SZ,2.78,2.83,2.74,2.81,2.76,0.05,1.8116,177159.01,49464.877
2026-03-03,000518.SZ,2.82,2.84,2.71,2.73,2.81,-0.08,-2.847,165561.22,46035.072
2026-03-04,000518.SZ,2.71,2.78,2.68,2.78,2.73,0.05,1.8315,113088.01,31170.572
2026-03-05,000518.SZ,2.8,2.83,2.78,2.81,2.78,0.03,1.0791,79556.1,22293.665
2026-03-06,000518.SZ,2.81,2.83,2.79,2.81,2.81,0.0,0.0,91610.49,25729.205
2026-03-09,000518.SZ,2.8,2.82,2.75,2.8,2.81,-0.01,-0.3559,137082.23,38244.425
2026-03-10,000518.SZ,2.82,2.91,2.79,2.88,2.8,0.08,2.8571,201247.3,57095.178
2026-03-11,000518.SZ,2.88,2.92,2.85,2.9,2.88,0.02,0.6944,101622.21,29239.932
2026-03-12,000518.SZ,2.91,3.05,2.9,2.94,2.9,0.04,1.3793,398767.16,119082.367
2026-03-13,000518.SZ,2.9,2.96,2.87,2.91,2.94,-0.03,-1.0204,185396.0,53802.765
2026-03-16,000518.SZ,2.93,3.06,2.91,3.01,2.91,0.1,3.4364,304378.12,91641.656
2026-03-17,000518.SZ,3.04,3.05,2.95,2.96,3.01,-0.05,-1.6611,205142.0,61293.961
2026-03-18,000518.SZ,2.95,3.09,2.92,3.07,2.96,0.11,3.7162,204100.36,61269.685
2026-03-19,000518.SZ,3.05,3.1,3.01,3.04,3.07,-0.03,-0.9772,164867.49,50361.322
2026-03-20,000518.SZ,3.04,3.06,2.89,2.92,3.04,-0.12,-3.9474,279447.34,82631.806
2026-03-23,000518.SZ,2.9,2.94,2.81,2.83,2.92,-0.09,-3.0822,185069.44,53194.35
2026-03-24,000518.SZ,2.87,2.91,2.82,2.89,2.83,0.06,2.1201,139147.01,39797.545
2026-03-25,000518.SZ,2.89,2.94,2.89,2.93,2.89,0.04,1.3841,90569.33,26457.158
2026-03-26,000518.SZ,2.93,2.96,2.89,2.92,2.93,-0.01,-0.3413,85934.1,25088.393
2026-03-27,000518.SZ,2.9,2.95,2.88,2.95,2.92,0.03,1.0274,78009.1,22841.005
2026-03-30,000518.SZ,2.93,3.01,2.92,2.98,2.95,0.03,1.0169,85027.63,25326.872
2026-03-31,000518.SZ,2.99,3.01,2.95,2.95,2.98,-0.03,-1.0067,92266.1,27435.103
2026-04-01,000518.SZ,2.97,2.98,2.92,2.95,2.95,0.0,0.0,83608.01,24566.179
2026-04-02,000518.SZ,2.95,2.95,2.89,2.9,2.95,-0.05,-1.6949,78357.04,22844.587
2026-04-03,000518.SZ,2.91,2.92,2.76,2.79,2.9,-0.11,-3.7931,169499.06,47475.429
2026-04-07,000518.SZ,2.78,2.85,2.73,2.83,2.79,0.04,1.4337,114789.11,32030.998
2026-04-08,000518.SZ,2.87,2.9,2.83,2.88,2.83,0.05,1.7668,87026.42,24990.898
2026-04-09,000518.SZ,2.86,2.98,2.83,2.92,2.88,0.04,1.3889,110404.01,32272.126
2026-04-10,000518.SZ,2.92,2.98,2.92,2.95,2.92,0.03,1.0274,72716.02,21429.49
2026-04-13,000518.SZ,2.94,3.05,2.94,3.02,2.95,0.07,2.3729,132416.59,39800.467
2026-04-14,000518.SZ,3.02,3.14,3.01,3.09,3.02,0.07,2.3179,176761.58,54484.71
2026-04-15,000518.SZ,3.1,3.13,3.08,3.09,3.09,0.0,0.0,122310.87,37959.964
2026-04-16,000518.SZ,3.09,3.16,3.07,3.13,3.09,0.04,1.2945,159784.12,49694.986
2026-04-17,000518.SZ,3.14,3.18,2.97,3.03,3.13,-0.1,-3.1949,407613.81,124590.675
2026-04-20,000518.SZ,3.08,3.13,2.9,2.98,3.03,-0.05,-1.6502,335699.0,100323.88
2026-04-21,000518.SZ,2.95,3.02,2.92,2.99,2.98,0.01,0.3356,130319.76,38733.583
2026-04-22,000518.SZ,2.99,3.01,2.93,2.94,2.99,-0.05,-1.6722,119950.0,35516.723
2026-04-23,000518.SZ,2.94,2.96,2.87,2.88,2.94,-0.06,-2.0408,117497.01,34026.044
2026-04-24,000518.SZ,2.86,2.95,2.86,2.93,2.88,0.05,1.7361,96583.72,28149.303
2026-04-27,000518.SZ,2.94,2.94,2.88,2.93,2.93,0.0,0.0,110121.78,32005.929
2026-04-28,000518.SZ,2.94,2.94,2.88,2.89,2.93,-0.04,-1.3652,84993.0,24643.442
2026-04-29,000518.SZ,2.88,2.9,2.86,2.88,2.89,-0.01,-0.346,86955.1,25082.728
2026-04-30,000518.SZ,2.89,2.92,2.86,2.91,2.88,0.03,1.0417,73567.01,21268.051
2026-05-06,000518.SZ,2.93,2.95,2.9,2.95,2.91,0.04,1.3746,89420.48,26230.395
2026-05-07,000518.SZ,2.95,3.04,2.92,3.02,2.95,0.07,2.3729,167921.01,50276.886
2026-05-08,000518.SZ,3.02,3.11,3.02,3.1,3.02,0.08,2.649,192921.82,59283.464
2026-05-11,000518.SZ,3.07,3.13,3.05,3.08,3.1,-0.02,-0.6452,141712.0,43544.276
2026-05-12,000518.SZ,3.07,3.11,3.04,3.06,3.08,-0.02,-0.6494,130865.14,39972.588
2026-05-13,000518.SZ,3.07,3.1,3.0,3.07,3.06,0.01,0.3268,172044.83,52551.147
2026-05-14,000518.SZ,3.06,3.11,3.06,3.08,3.07,0.01,0.3257,161624.66,49895.299
2026-05-15,000518.SZ,3.11,3.23,3.11,3.23,3.08,0.15,4.8701,383656.76,122645.897
2026-05-18,000518.SZ,3.28,3.29,3.07,3.1,3.23,-0.13,-4.0248,269560.0,84901.857
2026-05-20,000518.SZ,3.15,3.41,3.13,3.41,3.1,0.31,10.0,681588.32,226237.869
2026-05-21,000518.SZ,3.5,3.75,3.38,3.75,3.41,0.34,9.9707,1843939.97,665457.176
2026-05-22,000518.SZ,4.07,4.13,3.97,4.13,3.75,0.38,10.1333,1712634.25,705070.644
2026-05-25,000518.SZ,3.87,4.54,3.72,4.54,4.13,0.41,9.9274,3224133.87,1301657.902
2026-05-26,000518.SZ,4.38,4.52,4.09,4.09,4.54,-0.45,-9.9119,2437063.59,1031648.914
2026-05-27,000518.SZ,3.8,4.33,3.68,3.93,4.09,-0.16,-3.912,2247062.83,869917.373
2026-05-28,000518.SZ,3.67,3.88,3.54,3.56,3.93,-0.37,-9.4148,1587871.63,579591.243
2026-05-29,000518.SZ,3.44,3.67,3.35,3.5,3.56,-0.06,-1.6854,1361331.02,474296.764
2026-06-01,000518.SZ,3.41,3.74,3.41,3.59,3.5,0.09,2.5714,1177963.32,422121.319
2026-06-02,000518.SZ,3.5,3.67,3.45,3.57,3.59,-0.02,-0.5571,976551.17,346072.89
2026-06-03,000518.SZ,3.53,3.93,3.53,3.93,3.57,0.36,10.084,1953752.72,748153.478
2026-06-04,000518.SZ,3.93,3.93,3.64,3.64,3.93,-0.29,-7.3791,1773803.33,660286.219
2026-06-05,000518.SZ,3.65,3.78,3.5,3.5,3.64,-0.14,-3.8462,1124177.26,405216.461
2026-06-08,000518.SZ,3.35,3.46,3.21,3.23,3.5,-0.27,-7.7143,967510.01,321840.597
2026-06-09,000518.SZ,3.26,3.28,3.13,3.18,3.23,-0.05,-1.548,608289.1,193502.3548
2026-06-10,000518.SZ,3.16,3.3,3.07,3.23,3.18,0.05,1.5723,749351.0,238703.395
2026-06-11,000518.SZ,3.19,3.26,3.09,3.1,3.23,-0.13,-4.0248,458450.62,143328.16102
2026-06-12,000518.SZ,3.17,3.18,3.1,3.14,3.1,0.04,1.2903,343259.0,107988.4269
2026-06-15,000518.SZ,3.16,3.23,3.14,3.18,3.14,0.04,1.2739,358762.01,113688.14515
2026-06-16,000518.SZ,3.18,3.24,3.11,3.21,3.18,0.03,0.9434,368106.98,117256.30866
2026-06-17,000518.SZ,3.21,3.22,3.07,3.14,3.21,-0.07,-2.1807,455304.0,142193.369
2026-06-18,000518.SZ,3.14,3.15,3.09,3.12,3.14,-0.02,-0.6369,288322.05,89650.5725
2026-06-22,000518.SZ,3.11,3.19,3.03,3.18,3.12,0.06,1.9231,507506.0,157897.244
2026-06-23,000518.SZ,3.16,3.4,3.14,3.34,3.18,0.16,5.0314,799015.1,265037.3896
2026-06-24,000518.SZ,3.3,3.37,3.25,3.34,3.34,0.0,0.0,470971.1,155733.8213
2026-06-25,000518.SZ,3.3,3.35,3.16,3.28,3.34,-0.06,-1.7964,459564.02,148882.20138
2026-06-26,000518.SZ,3.27,3.28,3.09,3.12,3.28,-0.16,-4.878,375849.0,117903.687
2026-06-29,000518.SZ,3.12,3.26,3.11,3.18,3.12,0.06,1.9231,402115.08,128477.67157
2026-06-30,000518.SZ,3.15,3.25,3.13,3.23,3.18,0.05,1.5723,334997.0,107093.7
2026-07-01,000518.SZ,3.29,3.4,3.23,3.38,3.23,0.15,4.644,611355.75,203952.69776
2026-07-02,000518.SZ,3.34,3.42,3.28,3.37,3.38,-0.01,-0.2959,557021.0,187062.309
2026-07-03,000518.SZ,3.38,3.46,3.36,3.46,3.37,0.09,2.6706,481063.0,164676.68331
2026-07-06,000518.SZ,3.5,3.61,3.44,3.53,3.46,0.07,2.0231,647544.69,228428.75657
2026-07-07,000518.SZ,3.49,3.57,3.42,3.57,3.53,0.04,1.1331,488056.55,170588.3634
2026-07-08,000518.SZ,3.55,3.85,3.51,3.82,3.57,0.25,7.0028,1048039.73,387019.64275
2026-07-09,000518.SZ,3.71,4.15,3.65,3.99,3.82,0.17,4.4503,1610368.29,637803.97097
2026-07-10,000518.SZ,3.87,4.23,3.85,4.06,3.99,0.07,1.7544,1377079.03,562103.33248
